Date;Price;High;Low
15/12/2016;9602.3;9602.3;9602.3
16/12/2016;9352.8;9352.8;9352.8
19/12/2016;9352.8;9352.8;9352.8
21/12/2016;9415.2;9415.2;9228.1
23/12/2016;9321.7;9321.7;8978.7
26/12/2016;9539.9;9539.9;8947.6
27/12/2016;9352.8;9352.8;9352.8
28/12/2016;9290.5;9290.5;8916.4
29/12/2016;9228.1;9228.1;9228.1
30/12/2016;9352.8;9352.8;8791.7
04/01/2017;9352.8;9352.8;9103.4
05/01/2017;9321.7;9321.7;8885.2
06/01/2017;9041.1;9041.1;9041.1
10/01/2017;9228.1;9228.1;9228.1
11/01/2017;9290.5;9290.5;9290.5
13/01/2017;9072.3;9072.3;8822.9
16/01/2017;9072.3;9072.3;8822.9
17/01/2017;9072.3;9072.3;9072.3
18/01/2017;8978.7;8978.7;8978.7
19/01/2017;8916.4;8916.4;8916.4
20/01/2017;8854;8854;8822.9
23/01/2017;9103.4;9103.4;8854
24/01/2017;9352.8;9352.8;9290.5
25/01/2017;9571.1;9571.1;9041.1
02/02/2017;9727;9727;9602.3
03/02/2017;9851.7;9851.7;9851.7
06/02/2017;9602.3;9602.3;9352.8
07/02/2017;9664.6;9664.6;9352.8
08/02/2017;9602.3;9602.3;9602.3
09/02/2017;9352.8;9352.8;8978.7
10/02/2017;9103.4;9103.4;8978.7
13/02/2017;9352.8;9352.8;8760.5
14/02/2017;9290.5;9290.5;9103.4
15/02/2017;9165.8;9165.8;9165.8
16/02/2017;9259.3;9259.3;9165.8
17/02/2017;9290.5;9290.5;8978.7
20/02/2017;9290.5;9290.5;9165.8
21/02/2017;9228.1;9228.1;8667
22/02/2017;9228.1;9228.1;8854
23/02/2017;9165.8;9165.8;8916.4
24/02/2017;8978.7;8978.7;8978.7
27/02/2017;9041.1;9041.1;9041.1
28/02/2017;9041.1;9041.1;9041.1
01/03/2017;9228.1;9228.1;9228.1
02/03/2017;9290.5;9290.5;9041.1
03/03/2017;9165.8;9165.8;9165.8
06/03/2017;9041.1;9041.1;9041.1
07/03/2017;9228.1;9228.1;8978.7
08/03/2017;9197;9197;9041.1
10/03/2017;9103.4;9103.4;8916.4
13/03/2017;9165.8;9165.8;8760.5
14/03/2017;9165.8;9165.8;9165.8
15/03/2017;9165.8;9165.8;9165.8
16/03/2017;9165.8;9165.8;9165.8
17/03/2017;9165.8;9165.8;9165.8
20/03/2017;9321.7;9321.7;9072.3
21/03/2017;9352.8;9352.8;9352.8
22/03/2017;9539.9;9539.9;9321.7
23/03/2017;9477.5;9477.5;9477.5
24/03/2017;9477.5;9477.5;9477.5
27/03/2017;9539.9;9539.9;9539.9
28/03/2017;9352.8;9352.8;9352.8
29/03/2017;9352.8;9352.8;9352.8
30/03/2017;9352.8;9352.8;8916.4
31/03/2017;8916.4;8916.4;8916.4
03/04/2017;9290.5;9290.5;8916.4
04/04/2017;9352.8;9352.8;9352.8
05/04/2017;9103.4;9103.4;9041.1
07/04/2017;9041.1;9041.1;8854
10/04/2017;9165.8;9165.8;9041.1
11/04/2017;9103.4;9103.4;8916.4
12/04/2017;9228.1;9228.1;9041.1
13/04/2017;9290.5;9290.5;9041.1
14/04/2017;9259.3;9259.3;9259.3
17/04/2017;8729.3;8729.3;8729.3
18/04/2017;9041.1;9041.1;9041.1
19/04/2017;9041.1;9041.1;9041.1
20/04/2017;8978.7;8978.7;8729.3
21/04/2017;8885.2;8885.2;8885.2
24/04/2017;8978.7;8978.7;8417.6
25/04/2017;9228.1;9228.1;8386.4
26/04/2017;8822.9;8822.9;8822.9
27/04/2017;8978.7;8978.7;8854
28/04/2017;8978.7;8978.7;8916.4
03/05/2017;9009.9;9009.9;8729.3
04/05/2017;8978.7;8978.7;8729.3
05/05/2017;9009.9;9009.9;8729.3
08/05/2017;8978.7;8978.7;8978.7
09/05/2017;8978.7;8978.7;8854
10/05/2017;8791.7;8791.7;8729.3
11/05/2017;8854;8854;8791.7
12/05/2017;8854;8854;8698.1
15/05/2017;9041.1;9041.1;8729.3
16/05/2017;9041.1;9041.1;9041.1
17/05/2017;8947.6;8947.6;8822.9
18/05/2017;8916.4;8916.4;8854
19/05/2017;8916.4;8916.4;8729.3
22/05/2017;8978.7;8978.7;8916.4
23/05/2017;9165.8;9165.8;9041.1
24/05/2017;9228.1;9228.1;9103.4
25/05/2017;9789.3;9789.3;9165.8
26/05/2017;9352.8;9352.8;9321.7
29/05/2017;9197;9197;9197
30/05/2017;9477.5;9477.5;9197
31/05/2017;9602.3;9602.3;9477.5
01/06/2017;9664.6;9664.6;9602.3
02/06/2017;9664.6;9664.6;9664.6
05/06/2017;9633.4;9633.4;9539.9
06/06/2017;9290.5;9290.5;9290.5
07/06/2017;9539.9;9539.9;9352.8
08/06/2017;9539.9;9539.9;9477.5
09/06/2017;9664.6;9664.6;9477.5
12/06/2017;9664.6;9664.6;9664.6
13/06/2017;9976.4;9976.4;9976.4
14/06/2017;9976.4;9976.4;9477.5
15/06/2017;9945.2;9945.2;9602.3
16/06/2017;9914;9914;9352.8
19/06/2017;9789.3;9789.3;9602.3
20/06/2017;10319.3;10319.3;9789.3
21/06/2017;10599.9;10599.9;10101.1
22/06/2017;11316.9;11316.9;10662.2
23/06/2017;11472.8;11472.8;11285.8
26/06/2017;11316.9;11316.9;11098.7
27/06/2017;10662.2;10662.2;10599.9
28/06/2017;10693.4;10693.4;10599.9
29/06/2017;10662.2;10662.2;10225.8
30/06/2017;10288.1;10288.1;10163.4
03/07/2017;9945.2;9945.2;9851.7
04/07/2017;10194.6;10194.6;9914
05/07/2017;10288.1;10288.1;9976.4
06/07/2017;10163.4;10163.4;9976.4
07/07/2017;10163.4;10163.4;9976.4
10/07/2017;10101.1;10101.1;9976.4
11/07/2017;10225.8;10225.8;10038.7
12/07/2017;10412.8;10412.8;10101.1
13/07/2017;11129.9;11129.9;10724.6
14/07/2017;10786.9;10786.9;10786.9
17/07/2017;11036.4;11036.4;10911.7
18/07/2017;10599.9;10599.9;10350.5
19/07/2017;10599.9;10599.9;10225.8
20/07/2017;10350.5;10350.5;10101.1
21/07/2017;10444;10444;10444
24/07/2017;10288.1;10288.1;10288.1
25/07/2017;10568.7;10568.7;10319.3
26/07/2017;10568.7;10568.7;10319.3
27/07/2017;10880.5;10880.5;10599.9
28/07/2017;11036.4;11036.4;10849.3
31/07/2017;11036.4;11036.4;10880.5
01/08/2017;11098.7;11098.7;10974
02/08/2017;11161.1;11161.1;10786.9
03/08/2017;11129.9;11129.9;11129.9
04/08/2017;11192.2;11192.2;11036.4
07/08/2017;11223.4;11223.4;11036.4
08/08/2017;11223.4;11223.4;11036.4
09/08/2017;11098.7;11098.7;10911.7
10/08/2017;11164.8;11164.8;10834.5
11/08/2017;11032.6;11032.6;10834.5
14/08/2017;10966.6;10966.6;10768.4
15/08/2017;10834.5;10834.5;10834.5
16/08/2017;10801.4;10801.4;10570.2
17/08/2017;10636.3;10636.3;10636.3
18/08/2017;10372;10372;10372
21/08/2017;10339;10339;10305.9
22/08/2017;11032.6;11032.6;10372
23/08/2017;11032.6;11032.6;11032.6
24/08/2017;10768.4;10768.4;10768.4
25/08/2017;10636.3;10636.3;10636.3
28/08/2017;10603.2;10603.2;10570.2
29/08/2017;10702.3;10702.3;10570.2
30/08/2017;10966.6;10966.6;10900.5
31/08/2017;10900.5;10900.5;10834.5
01/09/2017;11032.6;11032.6;10999.6
05/09/2017;11032.6;11032.6;10801.4
06/09/2017;11396;11396;11098.7
07/09/2017;11429;11429;11230.8
08/09/2017;11363;11363;10834.5
11/09/2017;11230.8;11230.8;11032.6
12/09/2017;11164.8;11164.8;11032.6
13/09/2017;11098.7;11098.7;11098.7
14/09/2017;11032.6;11032.6;11032.6
15/09/2017;11164.8;11164.8;11098.7
18/09/2017;11164.8;11164.8;11098.7
19/09/2017;11164.8;11164.8;11098.7
20/09/2017;11164.8;11164.8;10900.5
21/09/2017;11363;11363;11164.8
22/09/2017;11495.1;11495.1;11363
25/09/2017;11429;11429;11296.9
26/09/2017;11296.9;11296.9;11296.9
27/09/2017;11230.8;11230.8;11230.8
28/09/2017;11032.6;11032.6;11032.6
29/09/2017;11032.6;11032.6;11032.6
02/10/2017;11396;11396;11098.7
03/10/2017;11164.8;11164.8;11098.7
04/10/2017;11230.8;11230.8;11098.7
05/10/2017;11230.8;11230.8;11230.8
06/10/2017;11098.7;11098.7;11098.7
09/10/2017;11164.8;11164.8;11164.8
10/10/2017;11230.8;11230.8;11164.8
11/10/2017;11164.8;11164.8;11164.8
12/10/2017;11098.7;11098.7;11032.6
13/10/2017;11363;11363;11098.7
16/10/2017;11230.8;11230.8;11230.8
17/10/2017;11957.5;11957.5;11230.8
18/10/2017;12320.9;12320.9;11891.5
19/10/2017;12023.6;12023.6;11891.5
20/10/2017;11858.4;11858.4;11627.2
23/10/2017;11825.4;11825.4;11693.3
24/10/2017;12089.7;12089.7;11693.3
25/10/2017;12023.6;12023.6;11957.5
26/10/2017;12122.7;12122.7;11891.5
27/10/2017;12221.8;12221.8;12023.6
30/10/2017;12353.9;12353.9;12122.7
31/10/2017;12353.9;12353.9;12353.9
01/11/2017;12981.5;12981.5;12287.9
02/11/2017;13410.9;13410.9;13014.6
03/11/2017;13344.9;13344.9;12948.5
06/11/2017;13873.4;13873.4;13212.8
07/11/2017;14468;14468;13873.4
08/11/2017;15194.7;15194.7;14534
09/11/2017;16053.5;16053.5;15326.8
10/11/2017;15062.5;15062.5;15062.5
13/11/2017;16086.5;16086.5;14732.2
14/11/2017;16251.7;16251.7;15822.3
15/11/2017;16053.5;16053.5;15921.4
16/11/2017;16053.5;16053.5;15591
17/11/2017;15657.1;15657.1;15591
20/11/2017;16582;16582;15525
21/11/2017;17044.5;17044.5;16615
22/11/2017;16846.3;16846.3;16714.1
23/11/2017;17011.4;17011.4;16912.3
24/11/2017;17341.7;17341.7;16879.3
27/11/2017;18530.9;18530.9;18134.5
28/11/2017;19554.9;19554.9;18530.9
29/11/2017;19290.6;19290.6;19290.6
30/11/2017;19554.9;19554.9;19290.6
01/12/2017;19753.1;19753.1;19026.4
04/12/2017;20611.9;20611.9;20149.4
05/12/2017;21008.3;21008.3;20017.3
06/12/2017;22065.3;22065.3;20876.1
07/12/2017;23584.8;23584.8;22461.7
08/12/2017;25203.3;25203.3;24443.6
11/12/2017;26425.5;26425.5;24311.5
12/12/2017;28275.3;28275.3;27020.1
13/12/2017;30224.2;30224.2;29860.8
14/12/2017;32338.2;32338.2;31710.6
15/12/2017;30092;30092;30092
18/12/2017;28011;28011;28011
19/12/2017;26062.2;26062.2;26062.2
20/12/2017;24245.4;24245.4;24245.4
21/12/2017;22560.8;22560.8;22560.8
22/12/2017;21008.3;21008.3;21008.3
25/12/2017;22461.7;22461.7;19554.9
26/12/2017;20909.2;20909.2;20909.2
27/12/2017;19455.8;19455.8;19455.8
28/12/2017;18365.7;18365.7;18101.5
29/12/2017;19158.5;19158.5;18167.5
02/01/2018;18696;18696;18299.7
03/01/2018;19554.9;19554.9;18696
04/01/2018;19753.1;19753.1;19224.6
05/01/2018;19092.4;19092.4;19092.4
08/01/2018;18497.9;18497.9;18299.7
09/01/2018;18630;18630;18497.9
10/01/2018;18497.9;18497.9;18365.7
11/01/2018;18861.2;18861.2;18233.6
12/01/2018;19026.4;19026.4;18861.2
15/01/2018;19026.4;19026.4;18762.1
16/01/2018;18563.9;18563.9;18563.9
17/01/2018;18200.6;18200.6;18200.6
18/01/2018;18299.7;18299.7;17837.2
19/01/2018;17771.2;17771.2;17639
22/01/2018;16549;16549;16549
25/01/2018;17705.1;17705.1;17705.1
26/01/2018;18927.3;18927.3;18630
29/01/2018;18960.3;18960.3;18894.2
30/01/2018;20281.6;20281.6;18960.3
31/01/2018;19819.1;19819.1;19819.1
01/02/2018;19687;19687;19687
02/02/2018;18894.2;18894.2;18894.2
05/02/2018;17837.2;17837.2;17837.2
06/02/2018;18497.9;18497.9;16846.3
07/02/2018;18762.1;18762.1;18497.9
08/02/2018;17705.1;17705.1;17473.9
09/02/2018;17308.7;17308.7;16912.3
12/02/2018;18167.5;18167.5;17374.8
13/02/2018;18497.9;18497.9;18134.5
21/02/2018;18101.5;18101.5;17639
22/02/2018;17672.1;17672.1;17473.9
23/02/2018;17374.8;17374.8;17374.8
26/02/2018;17176.6;17176.6;16515.9
27/02/2018;17143.5;17143.5;16780.2
28/02/2018;17176.6;17176.6;16846.3
01/03/2018;16846.3;16846.3;16813.2
02/03/2018;16482.9;16482.9;16416.8
05/03/2018;17110.5;17110.5;16515.9
06/03/2018;16714.1;16714.1;16383.8
07/03/2018;16681.1;16681.1;16416.8
08/03/2018;16482.9;16482.9;16416.8
09/03/2018;16383.8;16383.8;16383.8
12/03/2018;16053.5;16053.5;15260.7
13/03/2018;16714.1;16714.1;15591
14/03/2018;17242.6;17242.6;15855.3
15/03/2018;16582;16582;16582
16/03/2018;17044.5;17044.5;16549
19/03/2018;17672.1;17672.1;17242.6
20/03/2018;18894.2;18894.2;17672.1
21/03/2018;19092.4;19092.4;18894.2
22/03/2018;18828.2;18828.2;18530.9
23/03/2018;18431.8;18431.8;17903.3
26/03/2018;17903.3;17903.3;17837.2
27/03/2018;18497.9;18497.9;17903.3
28/03/2018;18960.3;18960.3;18497.9
29/03/2018;19819.1;19819.1;18993.3
30/03/2018;20876.1;20876.1;19819.1
02/04/2018;20843.1;20843.1;20215.5
03/04/2018;20479.8;20479.8;20413.7
04/04/2018;20744;20744;20479.8
05/04/2018;20380.7;20380.7;19951.3
06/04/2018;20678;20678;20149.4
09/04/2018;20347.6;20347.6;20083.4
10/04/2018;18927.3;18927.3;18927.3
11/04/2018;18134.5;18134.5;17837.2
12/04/2018;18365.7;18365.7;17573
13/04/2018;18365.7;18365.7;17837.2
16/04/2018;19488.8;19488.8;18365.7
17/04/2018;19455.8;19455.8;19158.5
18/04/2018;18365.7;18365.7;18101.5
19/04/2018;18497.9;18497.9;17969.3
20/04/2018;18299.7;18299.7;18299.7
23/04/2018;18431.8;18431.8;18167.5
24/04/2018;18365.7;18365.7;17837.2
26/04/2018;18167.5;18167.5;17110.5
27/04/2018;18365.7;18365.7;17837.2
02/05/2018;17110.5;17110.5;17110.5
03/05/2018;15921.4;15921.4;15921.4
04/05/2018;15855.3;15855.3;15128.6
07/05/2018;16317.7;16317.7;15525
08/05/2018;16185.6;16185.6;15855.3
09/05/2018;16416.8;16416.8;16119.6
10/05/2018;16515.9;16515.9;16449.9
11/05/2018;16317.7;16317.7;16053.5
14/05/2018;16482.9;16482.9;16317.7
15/05/2018;16615;16615;16119.6
16/05/2018;16813.2;16813.2;16515.9
17/05/2018;16449.9;16449.9;16449.9
18/05/2018;16383.8;16383.8;15855.3
21/05/2018;16185.6;16185.6;15855.3
22/05/2018;15855.3;15855.3;15062.5
23/05/2018;15194.7;15194.7;14765.3
24/05/2018;15194.7;15194.7;14996.5
25/05/2018;14137.6;14137.6;14137.6
28/05/2018;13179.7;13179.7;13179.7
29/05/2018;14071.6;14071.6;12717.3
30/05/2018;13873.4;13873.4;13675.2
31/05/2018;13807.3;13807.3;13543.1
01/06/2018;13807.3;13807.3;13477
04/06/2018;14335.8;14335.8;13807.3
05/06/2018;14302.8;14302.8;14137.6
06/06/2018;15293.8;15293.8;13873.4
07/06/2018;15161.6;15161.6;14534
08/06/2018;15194.7;15194.7;14732.2
11/06/2018;14798.3;14798.3;14335.8
12/06/2018;14005.5;14005.5;13774.3
13/06/2018;14732.2;14732.2;13477
14/06/2018;14732.2;14732.2;14335.8
15/06/2018;14203.7;14203.7;14203.7
18/06/2018;13873.4;13873.4;13807.3
19/06/2018;13807.3;13807.3;13410.9
20/06/2018;13873.4;13873.4;13344.9
21/06/2018;13344.9;13344.9;13344.9
22/06/2018;14203.7;14203.7;13245.8
25/06/2018;13543.1;13543.1;13344.9
26/06/2018;14137.6;14137.6;13543.1
27/06/2018;14203.7;14203.7;13939.5
28/06/2018;14005.5;14005.5;13741.3
29/06/2018;14071.6;14071.6;13543.1
02/07/2018;13741.3;13741.3;13344.9
03/07/2018;13146.7;13146.7;13146.7
04/07/2018;12486.1;12486.1;12287.9
05/07/2018;12353.9;12353.9;11825.4
06/07/2018;12816.4;12816.4;12089.7
09/07/2018;12882.4;12882.4;12552.1
10/07/2018;13014.6;13014.6;12353.9
11/07/2018;12948.5;12948.5;12420
12/07/2018;12849.4;12849.4;12552.1
13/07/2018;12948.5;12948.5;12552.1
16/07/2018;13080.6;13080.6;12948.5
17/07/2018;13675.2;13675.2;13014.6
18/07/2018;14534;14534;13543.1
19/07/2018;14335.8;14335.8;14335.8
20/07/2018;14071.6;14071.6;13609.1
23/07/2018;13873.4;13873.4;13543.1
24/07/2018;13741.3;13741.3;13278.8
25/07/2018;13741.3;13741.3;13675.2
26/07/2018;13675.2;13675.2;13344.9
27/07/2018;13675.2;13675.2;13344.9
30/07/2018;13410.9;13410.9;13344.9
31/07/2018;14005.5;14005.5;13344.9
01/08/2018;13543.1;13543.1;13543.1
02/08/2018;13543.1;13543.1;13245.8
03/08/2018;13807.3;13807.3;13477
06/08/2018;13609.1;13609.1;13410.9
07/08/2018;13741.3;13741.3;13410.9
08/08/2018;13708.2;13708.2;13410.9
09/08/2018;14203.7;14203.7;13609.1
10/08/2018;14600.1;14600.1;14137.6
13/08/2018;15194.7;15194.7;14534
14/08/2018;15128.6;15128.6;14996.5
15/08/2018;14963.4;14963.4;14699.2
16/08/2018;14798.3;14798.3;14203.7
17/08/2018;14798.3;14798.3;14567.1
20/08/2018;14897.4;14897.4;14534
21/08/2018;15326.8;15326.8;14666.2
22/08/2018;16152.6;16152.6;15194.7
23/08/2018;16912.3;16912.3;16185.6
24/08/2018;17011.4;17011.4;16582
27/08/2018;17044.5;17044.5;16648.1
28/08/2018;17176.6;17176.6;16582
29/08/2018;16912.3;16912.3;16648.1
30/08/2018;16515.9;16515.9;16515.9
31/08/2018;16515.9;16515.9;16251.7
04/09/2018;16119.6;16119.6;15888.3
05/09/2018;16119.6;16119.6;15525
06/09/2018;16086.5;16086.5;15987.4
07/09/2018;16317.7;16317.7;15789.2
10/09/2018;16317.7;16317.7;16053.5
11/09/2018;16482.9;16482.9;15987.4
12/09/2018;16185.6;16185.6;15987.4
13/09/2018;16317.7;16317.7;15855.3
14/09/2018;16780.2;16780.2;16053.5
17/09/2018;17698.2;17698.2;16824.2
18/09/2018;17771;17771;17042.7
19/09/2018;17188.4;17188.4;17042.7
20/09/2018;16969.9;16969.9;16969.9
21/09/2018;16751.4;16751.4;16460.1
24/09/2018;16751.4;16751.4;16569.3
25/09/2018;17042.7;17042.7;16678.6
26/09/2018;17042.7;17042.7;16751.4
27/09/2018;17334.1;17334.1;17042.7
28/09/2018;17479.7;17479.7;17334.1
01/10/2018;17334.1;17334.1;17115.6
02/10/2018;16860.6;16860.6;16460.1
03/10/2018;16751.4;16751.4;16496.5
04/10/2018;16751.4;16751.4;16387.2
05/10/2018;16678.6;16678.6;16423.6
08/10/2018;16241.6;16241.6;16241.6
09/10/2018;15658.9;15658.9;15658.9
10/10/2018;15658.9;15658.9;15294.8
11/10/2018;14566.4;14566.4;14566.4
12/10/2018;14930.6;14930.6;13838.1
15/10/2018;14784.9;14784.9;14566.4
16/10/2018;14784.9;14784.9;14784.9
17/10/2018;14857.8;14857.8;14784.9
18/10/2018;14566.4;14566.4;14566.4
19/10/2018;14930.6;14930.6;14202.3
22/10/2018;15149.1;15149.1;14930.6
23/10/2018;14930.6;14930.6;14566.4
24/10/2018;14202.3;14202.3;14202.3
25/10/2018;14493.6;14493.6;13328.3
26/10/2018;14748.5;14748.5;13874.5
29/10/2018;14675.7;14675.7;13983.8
30/10/2018;14675.7;14675.7;14566.4
31/10/2018;14784.9;14784.9;14566.4
01/11/2018;14566.4;14566.4;14566.4
02/11/2018;14493.6;14493.6;14129.4
05/11/2018;14493.6;14493.6;13983.8
06/11/2018;14202.3;14202.3;14129.4
07/11/2018;14165.9;14165.9;13983.8
08/11/2018;14275.1;14275.1;13838.1
09/11/2018;13838.1;13838.1;13291.9
12/11/2018;14129.4;14129.4;13546.8
13/11/2018;13947.4;13947.4;13692.4
14/11/2018;13801.7;13801.7;13619.6
15/11/2018;13765.3;13765.3;13619.6
16/11/2018;13983.8;13983.8;13838.1
19/11/2018;13983.8;13983.8;13838.1
20/11/2018;13983.8;13983.8;13765.3
21/11/2018;14238.7;14238.7;13656
22/11/2018;14165.9;14165.9;13838.1
23/11/2018;13983.8;13983.8;13838.1
26/11/2018;13983.8;13983.8;13838.1
27/11/2018;14202.3;14202.3;13765.3
28/11/2018;14129.4;14129.4;13910.9
29/11/2018;14347.9;14347.9;13983.8
30/11/2018;14202.3;14202.3;14056.6
03/12/2018;14566.4;14566.4;14202.3
04/12/2018;14639.3;14639.3;14420.8
05/12/2018;14930.6;14930.6;14493.6
06/12/2018;15804.6;15804.6;14967
07/12/2018;16897.1;16897.1;16023.1
10/12/2018;18062.4;18062.4;17115.6
11/12/2018;18645;18645;18353.7
12/12/2018;17771;17771;17625.4
13/12/2018;18098.8;18098.8;17552.5
14/12/2018;18062.4;18062.4;17406.9
17/12/2018;17625.4;17625.4;17516.1
18/12/2018;16678.6;16678.6;16460.1
19/12/2018;16969.9;16969.9;16678.6
20/12/2018;17152;17152;16605.7
21/12/2018;16678.6;16678.6;16678.6
24/12/2018;17115.6;17115.6;16605.7
25/12/2018;17042.7;17042.7;16168.7
26/12/2018;17115.6;17115.6;16460.1
27/12/2018;16897.1;16897.1;16897.1
28/12/2018;17479.7;17479.7;16460.1
02/01/2019;17406.9;17406.9;16787.8
03/01/2019;17115.6;17115.6;16605.7
04/01/2019;16715;16715;16023.1
07/01/2019;17042.7;17042.7;16678.6
08/01/2019;17042.7;17042.7;16059.5
09/01/2019;17115.6;17115.6;16460.1
10/01/2019;17042.7;17042.7;16678.6
11/01/2019;17115.6;17115.6;16897.1
14/01/2019;17224.8;17224.8;16387.2
15/01/2019;17042.7;17042.7;16751.4
16/01/2019;16824.2;16824.2;16824.2
17/01/2019;17079.1;17079.1;16824.2
18/01/2019;18244.5;18244.5;17115.6
21/01/2019;19519;19519;18280.9
22/01/2019;19519;19519;18936.4
23/01/2019;19664.7;19664.7;19373.4
24/01/2019;18863.5;18863.5;18572.2
25/01/2019;18863.5;18863.5;18499.4
28/01/2019;19300.5;19300.5;18863.5
29/01/2019;19919.6;19919.6;19082
30/01/2019;19591.8;19591.8;19373.4
31/01/2019;19300.5;19300.5;18790.7
01/02/2019;19300.5;19300.5;18790.7
11/02/2019;19300.5;19300.5;18790.7
12/02/2019;20647.9;20647.9;19300.5
13/02/2019;21194.2;21194.2;20757.2
14/02/2019;20757.2;20757.2;20611.5
15/02/2019;20684.3;20684.3;20028.8
18/02/2019;21412.7;21412.7;20720.7
19/02/2019;21631.1;21631.1;21267
20/02/2019;21704;21704;21339.8
21/02/2019;20866.4;20866.4;20393
22/02/2019;20830;20830;20538.7
25/02/2019;20538.7;20538.7;20538.7
26/02/2019;20757.2;20757.2;20538.7
27/02/2019;21121.3;21121.3;20902.8
28/02/2019;20866.4;20866.4;20393
01/03/2019;20939.2;20939.2;20757.2
04/03/2019;21704;21704;21048.5
05/03/2019;22468.7;22468.7;21485.5
06/03/2019;21849.6;21849.6;21521.9
07/03/2019;21485.5;21485.5;21485.5
08/03/2019;21740.4;21740.4;21048.5
11/03/2019;21558.3;21558.3;21267
12/03/2019;22505.1;22505.1;21194.2
13/03/2019;22505.1;22505.1;22505.1
14/03/2019;22505.1;22505.1;22068.1
15/03/2019;22796.5;22796.5;21922.5
18/03/2019;22942.1;22942.1;22432.3
19/03/2019;22213.8;22213.8;22213.8
20/03/2019;21849.6;21849.6;21485.5
21/03/2019;20757.2;20757.2;20757.2
22/03/2019;21339.8;21339.8;20465.8
25/03/2019;20866.4;20866.4;20575.1
26/03/2019;20902.8;20902.8;20902.8
27/03/2019;21776.8;21776.8;20902.8
28/03/2019;22031.7;22031.7;21267
29/03/2019;21849.6;21849.6;21704
01/04/2019;21594.7;21594.7;21521.9
02/04/2019;21849.6;21849.6;21594.7
03/04/2019;21813.2;21813.2;21048.5
04/04/2019;21813.2;21813.2;21339.8
05/04/2019;23306.3;23306.3;21849.6
08/04/2019;24617.3;24617.3;23670.4
09/04/2019;23888.9;23888.9;23888.9
10/04/2019;23743.3;23743.3;23160.6
11/04/2019;24180.3;24180.3;23160.6
12/04/2019;24034.6;24034.6;23597.6
16/04/2019;23634;23634;23306.3
17/04/2019;22578;22578;22578
18/04/2019;21631.1;21631.1;21412.7
19/04/2019;21995.3;21995.3;21849.6
22/04/2019;21776.8;21776.8;21485.5
23/04/2019;21995.3;21995.3;21558.3
24/04/2019;22031.7;22031.7;21849.6
25/04/2019;21995.3;21995.3;21849.6
26/04/2019;22141;22141;22068.1
02/05/2019;20611.5;20611.5;20611.5
03/05/2019;20975.7;20975.7;20174.5
06/05/2019;21048.5;21048.5;20465.8
07/05/2019;20830;20830;20757.2
08/05/2019;20830;20830;20429.4
09/05/2019;20502.2;20502.2;20502.2
10/05/2019;20684.3;20684.3;20393
13/05/2019;21485.5;21485.5;20684.3
14/05/2019;21121.3;21121.3;20975.7
15/05/2019;21631.1;21631.1;21048.5
16/05/2019;21485.5;21485.5;21412.7
17/05/2019;22141;22141;21339.8
20/05/2019;23160.6;23160.6;22141
21/05/2019;23888.9;23888.9;22942.1
22/05/2019;23306.3;23306.3;22250.2
23/05/2019;24034.6;24034.6;23015
24/05/2019;24762.9;24762.9;24034.6
27/05/2019;26365.2;26365.2;25855.4
28/05/2019;27312.1;27312.1;26583.7
29/05/2019;28841.5;28841.5;27676.2
30/05/2019;26838.6;26838.6;26838.6
31/05/2019;25855.4;25855.4;25345.6
03/06/2019;24107.4;24107.4;24071
04/06/2019;24471.6;24471.6;24034.6
05/06/2019;25127.1;25127.1;24835.8
06/06/2019;25673.3;25673.3;25127.1
07/06/2019;25709.7;25709.7;25127.1
10/06/2019;26328.8;26328.8;26073.9
11/06/2019;27530.6;27530.6;26292.4
12/06/2019;27093.6;27093.6;27093.6
13/06/2019;26073.9;26073.9;25855.4
14/06/2019;26875.1;26875.1;26219.6
17/06/2019;26838.6;26838.6;26583.7
18/06/2019;26583.7;26583.7;26219.6
19/06/2019;26438.1;26438.1;26438.1
20/06/2019;26656.6;26656.6;26365.2
21/06/2019;27312.1;27312.1;26656.6
24/06/2019;28768.7;28768.7;27530.6
25/06/2019;28623;28623;28113.2
26/06/2019;28149.6;28149.6;27894.7
27/06/2019;27821.9;27821.9;27821.9
28/06/2019;27457.7;27457.7;27093.6
01/07/2019;27676.2;27676.2;27384.9
02/07/2019;27821.9;27821.9;27457.7
03/07/2019;27967.5;27967.5;27603.4
04/07/2019;27676.2;27676.2;27384.9
05/07/2019;27603.4;27603.4;27312.1
08/07/2019;27348.5;27348.5;27093.6
09/07/2019;26583.7;26583.7;26583.7
10/07/2019;27093.6;27093.6;26947.9
11/07/2019;27239.2;27239.2;26875.1
12/07/2019;27967.5;27967.5;27020.7
15/07/2019;27785.5;27785.5;27676.2
16/07/2019;27967.5;27967.5;27785.5
17/07/2019;29897.6;29897.6;27821.9
18/07/2019;30553.1;30553.1;30152.5
19/07/2019;29861.2;29861.2;29861.2
22/07/2019;29533.4;29533.4;29278.5
23/07/2019;30225.3;30225.3;29533.4
24/07/2019;31454.5;31454.5;30904.1
25/07/2019;32162.3;32162.3;31297.3
26/07/2019;32083.6;32083.6;31926.4
29/07/2019;32240.9;32240.9;31769.1
30/07/2019;32005;32005;31454.5
31/07/2019;29803.2;29803.2;29803.2
01/08/2019;29410;29410;27915.9
02/08/2019;30432.3;30432.3;29488.6
05/08/2019;29331.4;29331.4;28309.1
06/08/2019;29056.1;29056.1;27955.2
07/08/2019;28780.9;28780.9;28309.1
08/08/2019;28938.2;28938.2;28230.4
09/08/2019;29881.8;29881.8;29095.4
12/08/2019;29881.8;29881.8;29645.9
13/08/2019;28702.3;28702.3;28623.6
14/08/2019;30707.5;30707.5;28623.6
15/08/2019;31572.5;31572.5;29921.1
16/08/2019;32870;32870;31454.5
19/08/2019;32162.3;32162.3;31533.2
20/08/2019;32476.8;32476.8;31611.8
21/08/2019;32398.2;32398.2;32083.6
22/08/2019;32594.8;32594.8;32005
23/08/2019;32162.3;32162.3;31533.2
26/08/2019;31336.6;31336.6;30982.7
27/08/2019;31729.8;31729.8;31375.9
28/08/2019;31140;31140;31140
29/08/2019;30982.7;30982.7;30982.7
30/08/2019;31218.6;31218.6;30668.2
03/09/2019;30668.2;30668.2;30668.2
04/09/2019;30353.6;30353.6;29881.8
05/09/2019;30117.7;30117.7;30039.1
06/09/2019;30196.4;30196.4;29921.1
09/09/2019;29881.8;29881.8;29881.8
10/09/2019;29095.4;29095.4;28545
11/09/2019;29016.8;29016.8;28623.6
12/09/2019;30275;30275;29016.8
13/09/2019;30589.5;30589.5;30275
16/09/2019;30589.5;30589.5;30117.7
17/09/2019;30275;30275;29960.4
18/09/2019;30117.7;30117.7;29881.8
19/09/2019;30117.7;30117.7;29645.9
20/09/2019;29410;29410;29331.4
23/09/2019;29331.4;29331.4;29016.8
24/09/2019;28741.6;28741.6;28741.6
25/09/2019;29016.8;29016.8;28741.6
26/09/2019;28938.2;28938.2;28623.6
27/09/2019;28584.3;28584.3;28545
30/09/2019;29567.3;29567.3;28584.3
01/10/2019;29488.6;29488.6;29016.8
02/10/2019;29252.7;29252.7;28702.3
03/10/2019;30078.4;30078.4;29016.8
04/10/2019;29881.8;29881.8;29645.9
07/10/2019;29410;29410;29095.4
08/10/2019;29724.5;29724.5;29134.8
09/10/2019;29724.5;29724.5;29095.4
10/10/2019;30039.1;30039.1;29724.5
11/10/2019;30039.1;30039.1;29410
14/10/2019;30039.1;30039.1;29331.4
15/10/2019;29763.9;29763.9;29763.9
16/10/2019;29881.8;29881.8;29174.1
17/10/2019;30275;30275;29331.4
18/10/2019;30078.4;30078.4;29803.2
21/10/2019;29410;29410;29410
22/10/2019;30117.7;30117.7;29213.4
23/10/2019;30589.5;30589.5;30117.7
24/10/2019;30864.8;30864.8;30432.3
25/10/2019;30432.3;30432.3;30432.3
28/10/2019;30275;30275;29488.6
29/10/2019;30275;30275;29567.3
30/10/2019;30196.4;30196.4;29645.9
31/10/2019;30078.4;30078.4;29488.6
01/11/2019;30196.4;30196.4;29567.3
04/11/2019;30510.9;30510.9;29685.2
05/11/2019;30432.3;30432.3;29881.8
06/11/2019;30510.9;30510.9;30078.4
07/11/2019;30668.2;30668.2;30432.3
08/11/2019;30825.4;30825.4;30668.2
11/11/2019;31061.4;31061.4;30589.5
12/11/2019;30982.7;30982.7;30275
13/11/2019;30864.8;30864.8;30039.1
14/11/2019;30668.2;30668.2;30196.4
15/11/2019;30550.2;30550.2;29881.8
18/11/2019;30314.3;30314.3;29724.5
19/11/2019;30314.3;30314.3;29567.3
20/11/2019;29881.8;29881.8;29724.5
21/11/2019;30039.1;30039.1;29488.6
22/11/2019;29881.8;29881.8;29488.6
25/11/2019;29763.9;29763.9;29724.5
26/11/2019;29803.2;29803.2;29803.2
27/11/2019;29803.2;29803.2;29488.6
28/11/2019;29724.5;29724.5;29174.1
29/11/2019;29724.5;29724.5;29449.3
02/12/2019;29095.4;29095.4;29095.4
03/12/2019;29174.1;29174.1;28780.9
04/12/2019;29449.3;29449.3;28702.3
05/12/2019;29881.8;29881.8;29095.4
06/12/2019;29763.9;29763.9;29763.9
09/12/2019;29488.6;29488.6;28780.9
10/12/2019;29488.6;29488.6;28309.1
11/12/2019;29410;29410;28309.1
12/12/2019;28938.2;28938.2;28702.3
13/12/2019;28938.2;28938.2;28702.3
16/12/2019;28938.2;28938.2;28623.6
17/12/2019;28938.2;28938.2;28702.3
18/12/2019;29056.1;29056.1;28309.1
19/12/2019;28309.1;28309.1;28309.1
20/12/2019;28623.6;28623.6;28309.1
23/12/2019;28309.1;28309.1;28309.1
24/12/2019;28269.8;28269.8;27168.9
25/12/2019;28269.8;28269.8;27286.8
26/12/2019;28230.4;28230.4;27601.4
27/12/2019;28269.8;28269.8;27680
30/12/2019;27680;27680;27680
31/12/2019;28230.4;28230.4;28151.8
02/01/2020;28230.4;28230.4;28151.8
03/01/2020;28151.8;28151.8;28151.8
06/01/2020;28309.1;28309.1;28073.2
07/01/2020;28309.1;28309.1;28151.8
08/01/2020;28151.8;28151.8;27522.7
09/01/2020;27522.7;27522.7;27522.7
10/01/2020;27522.7;27522.7;27522.7
13/01/2020;27404.8;27404.8;27129.5
14/01/2020;27208.2;27208.2;26421.8
15/01/2020;27365.4;27365.4;26343.2
16/01/2020;27208.2;27208.2;26815
17/01/2020;27129.5;27129.5;26815
20/01/2020;27129.5;27129.5;26500.4
21/01/2020;26421.8;26421.8;26421.8
22/01/2020;27050.9;27050.9;26421.8
30/01/2020;26264.5;26264.5;25950
31/01/2020;25163.6;25163.6;25163.6
03/02/2020;23512.3;23512.3;23433.6
04/02/2020;24259.3;24259.3;23630.2
05/02/2020;23630.2;23630.2;23355
06/02/2020;24377.3;24377.3;23630.2
07/02/2020;24534.5;24534.5;24377.3
10/02/2020;24141.4;24141.4;23826.8
11/02/2020;24062.7;24062.7;23590.9
12/02/2020;23905.4;23905.4;23276.4
13/02/2020;23590.9;23590.9;22804.5
14/02/2020;25006.4;25006.4;23433.6
17/02/2020;24770.4;24770.4;24377.3
18/02/2020;24927.7;24927.7;24770.4
19/02/2020;25242.3;25242.3;24927.7
20/02/2020;25950;25950;25478.2
21/02/2020;25950;25950;25163.6
24/02/2020;24141.4;24141.4;24141.4
25/02/2020;24141.4;24141.4;23590.9
26/02/2020;23590.9;23590.9;23433.6
27/02/2020;24141.4;24141.4;23590.9
28/02/2020;23905.4;23905.4;23433.6
02/03/2020;23905.4;23905.4;23590.9
03/03/2020;24455.9;24455.9;24062.7
04/03/2020;24377.3;24377.3;23905.4
05/03/2020;24298.6;24298.6;23984.1
06/03/2020;24220;24220;23984.1
09/03/2020;22529.3;22529.3;22529.3
10/03/2020;23040.4;23040.4;21860.9
11/03/2020;21428.4;21428.4;21428.4
12/03/2020;19934.3;19934.3;19934.3
13/03/2020;18715.4;18715.4;18558.2
16/03/2020;18676.1;18676.1;18086.4
17/03/2020;18322.3;18322.3;17417.9
18/03/2020;18243.6;18243.6;18243.6
19/03/2020;18243.6;18243.6;17771.8
20/03/2020;18165;18165;18086.4
23/03/2020;16906.8;16906.8;16906.8
24/03/2020;16906.8;16906.8;16749.5
25/03/2020;18007.7;18007.7;17614.5
26/03/2020;18243.6;18243.6;17064.1
27/03/2020;18243.6;18243.6;17417.9
30/03/2020;18086.4;18086.4;16985.4
31/03/2020;17693.2;17693.2;16828.2
01/04/2020;17929.1;17929.1;17300
03/04/2020;18872.7;18872.7;17929.1
06/04/2020;20052.3;20052.3;19659.1
07/04/2020;21153.2;21153.2;19659.1
08/04/2020;20248.9;20248.9;19737.7
09/04/2020;20838.6;20838.6;20052.3
10/04/2020;20838.6;20838.6;20445.4
13/04/2020;20838.6;20838.6;20602.7
14/04/2020;21153.2;21153.2;20563.4
15/04/2020;21782.3;21782.3;21546.4
16/04/2020;22607.9;22607.9;21782.3
17/04/2020;23197.7;23197.7;22804.5
20/04/2020;23355;23355;23197.7
21/04/2020;21742.9;21742.9;21742.9
22/04/2020;22018.2;22018.2;21231.8
23/04/2020;22568.6;22568.6;22096.8
24/04/2020;22961.8;22961.8;22096.8
27/04/2020;22568.6;22568.6;21939.5
28/04/2020;22411.4;22411.4;21978.9
29/04/2020;22529.3;22529.3;22018.2
04/05/2020;22254.1;22254.1;21939.5
05/05/2020;22214.8;22214.8;21703.6
06/05/2020;22214.8;22214.8;21939.5
07/05/2020;22725.9;22725.9;22411.4
08/05/2020;22490;22490;22490
11/05/2020;22372;22372;22175.4
12/05/2020;22804.5;22804.5;22254.1
13/05/2020;23119.1;23119.1;22568.6
14/05/2020;22725.9;22725.9;22293.4
15/05/2020;22804.5;22804.5;22018.2
18/05/2020;22411.4;22411.4;22175.4
19/05/2020;22411.4;22411.4;22214.8
20/05/2020;22214.8;22214.8;21703.6
21/05/2020;22214.8;22214.8;21860.9
22/05/2020;22018.2;22018.2;21939.5
25/05/2020;22175.4;22175.4;21900.2
26/05/2020;22096.8;22096.8;22018.2
27/05/2020;21900.2;21900.2;21900.2
28/05/2020;21939.5;21939.5;21546.4
29/05/2020;21900.2;21900.2;21546.4
01/06/2020;21900.2;21900.2;21782.3
02/06/2020;21821.6;21821.6;21782.3
03/06/2020;21939.5;21939.5;21703.6
04/06/2020;22175.4;22175.4;21978.9
05/06/2020;22175.4;22175.4;22096.8
08/06/2020;23708.9;23708.9;22018.2
09/06/2020;24770.4;24770.4;24573.9
10/06/2020;23905.4;23905.4;23905.4
11/06/2020;22254.1;22254.1;22254.1
12/06/2020;22804.5;22804.5;21625
15/06/2020;22411.4;22411.4;22175.4
16/06/2020;22490;22490;22293.4
17/06/2020;22686.6;22686.6;22411.4
18/06/2020;23512.3;23512.3;22647.3
19/06/2020;24141.4;24141.4;23512.3
22/06/2020;24141.4;24141.4;23669.5
23/06/2020;24377.3;24377.3;23551.6
24/06/2020;24141.4;24141.4;24141.4
25/06/2020;23748.2;23748.2;23119.1
26/06/2020;24455.9;24455.9;23748.2
29/06/2020;24220;24220;23590.9
30/06/2020;24416.6;24416.6;23984.1
01/07/2020;24377.3;24377.3;24377.3
02/07/2020;24495.2;24495.2;24180.7
03/07/2020;23748.2;23748.2;23748.2
06/07/2020;23787.5;23787.5;23787.5
07/07/2020;23748.2;23748.2;23748.2
08/07/2020;23040.4;23040.4;22804.5
09/07/2020;23355;23355;23079.8
10/07/2020;23355;23355;23040.4
13/07/2020;23197.7;23197.7;23040.4
14/07/2020;23197.7;23197.7;22843.9
15/07/2020;23315.7;23315.7;23158.4
16/07/2020;23197.7;23197.7;23158.4
17/07/2020;23669.5;23669.5;23197.7
20/07/2020;24455.9;24455.9;23984.1
21/07/2020;24062.7;24062.7;23826.8
22/07/2020;24062.7;24062.7;23590.9
23/07/2020;23826.8;23826.8;23433.6
24/07/2020;22411.4;22411.4;22175.4
27/07/2020;21467.7;21467.7;20877.9
28/07/2020;22804.5;22804.5;21625
29/07/2020;22411.4;22411.4;21625
30/07/2020;22804.5;22804.5;22411.4
31/07/2020;22490;22490;22411.4
03/08/2020;22804.5;22804.5;22490
04/08/2020;23905.4;23905.4;22804.5
05/08/2020;24062.7;24062.7;23905.4
06/08/2020;23984.1;23984.1;23984.1
07/08/2020;23984.1;23984.1;23787.5
10/08/2020;24613.2;24613.2;23984.1
11/08/2020;24455.9;24455.9;23984.1
12/08/2020;24455.9;24455.9;24377.3
13/08/2020;24298.6;24298.6;23590.9
14/08/2020;24141.4;24141.4;23748.2
17/08/2020;23905.4;23905.4;23630.2
18/08/2020;23826.8;23826.8;23748.2
19/08/2020;24534.5;24534.5;23826.8
20/08/2020;25556.8;25556.8;24613.2
21/08/2020;26028.6;26028.6;25950
24/08/2020;26343.2;26343.2;25950
25/08/2020;25635.4;25635.4;25635.4
26/08/2020;26579.1;26579.1;25360.2
27/08/2020;28427;28427;26461.1
28/08/2020;27758.6;27758.6;27680
31/08/2020;27522.7;27522.7;27444.1
01/09/2020;27994.5;27994.5;27129.5
03/09/2020;28151.8;28151.8;27837.3
04/09/2020;27444.1;27444.1;27129.5
07/09/2020;27522.7;27522.7;27129.5
08/09/2020;27915.9;27915.9;27168.9
09/09/2020;27915.9;27915.9;27050.9
10/09/2020;27601.4;27601.4;27522.7
11/09/2020;28466.4;28466.4;27680
14/09/2020;28702.3;28702.3;28387.7
15/09/2020;28623.6;28623.6;28427
16/09/2020;28191.1;28191.1;28191.1
17/09/2020;27680;27680;27601.4
18/09/2020;27601.4;27601.4;27522.7
21/09/2020;28073.2;28073.2;27601.4
22/09/2020;28073.2;28073.2;27837.3
23/09/2020;28466.4;28466.4;27994.5
24/09/2020;28466.4;28466.4;28230.4
25/09/2020;28073.2;28073.2;27994.5
28/09/2020;28073.2;28073.2;27758.6
29/09/2020;27208.2;27208.2;26146.6
30/09/2020;27286.8;27286.8;26500.4
01/10/2020;27522.7;27522.7;27129.5
02/10/2020;27522.7;27522.7;26815
05/10/2020;27208.2;27208.2;27050.9
06/10/2020;27208.2;27208.2;26972.3
07/10/2020;27247.5;27247.5;27129.5
08/10/2020;27208.2;27208.2;27011.6
09/10/2020;27208.2;27208.2;26932.9
12/10/2020;26579.1;26579.1;26579.1
13/10/2020;26736.4;26736.4;26579.1
14/10/2020;26500.4;26500.4;26500.4
15/10/2020;26775.7;26775.7;26500.4
16/10/2020;26736.4;26736.4;26657.7
19/10/2020;26972.3;26972.3;26736.4
20/10/2020;26972.3;26972.3;26539.8
21/10/2020;26893.6;26893.6;26579.1
22/10/2020;26736.4;26736.4;26421.8
23/10/2020;26697;26697;26421.8
26/10/2020;26579.1;26579.1;26579.1
27/10/2020;26343.2;26343.2;26303.9
28/10/2020;26028.6;26028.6;26028.6
29/10/2020;25871.4;25871.4;25792.7
30/10/2020;25871.4;25871.4;25714.1
02/11/2020;26303.9;26303.9;25792.7
03/11/2020;26382.5;26382.5;26185.9
04/11/2020;26461.1;26461.1;26264.5
05/11/2020;26461.1;26461.1;26343.2
06/11/2020;26500.4;26500.4;26107.3
09/11/2020;26697;26697;26500.4
10/11/2020;26932.9;26932.9;26657.7
11/11/2020;26893.6;26893.6;26736.4
12/11/2020;27050.9;27050.9;26657.7
13/11/2020;26932.9;26932.9;26815
16/11/2020;26579.1;26579.1;26579.1
17/11/2020;26539.8;26539.8;26421.8
18/11/2020;26303.9;26303.9;26303.9
19/11/2020;26539.8;26539.8;26067.9
20/11/2020;26815;26815;26539.8
23/11/2020;27220.1;27220.1;27139.1
24/11/2020;27220.1;27220.1;27058
25/11/2020;27058;27058;26815
26/11/2020;26896;26896;26734
27/11/2020;26815;26815;26734
30/11/2020;26653;26653;26409.9
01/12/2020;26450.5;26450.5;26328.9
02/12/2020;26085.9;26085.9;26085.9
03/12/2020;26491;26491;26045.4
04/12/2020;26936.5;26936.5;26491
07/12/2020;26936.5;26936.5;26734
08/12/2020;26734;26734;26734
09/12/2020;26612.5;26612.5;26288.4
10/12/2020;26409.9;26409.9;26288.4
11/12/2020;26612.5;26612.5;26409.9
14/12/2020;26491;26491;26491
15/12/2020;26328.9;26328.9;26288.4
16/12/2020;26491;26491;26288.4
17/12/2020;26247.9;26247.9;26166.9
18/12/2020;26166.9;26166.9;26166.9
21/12/2020;26288.4;26288.4;26166.9
22/12/2020;26288.4;26288.4;26085.9
23/12/2020;26734;26734;26369.4
24/12/2020;28354.2;28354.2;26572
25/12/2020;28475.8;28475.8;28111.2
28/12/2020;29853;29853;28516.3
29/12/2020;29812.5;29812.5;28759.3
30/12/2020;29731.4;29731.4;29731.4
31/12/2020;30784.6;30784.6;29164.4
04/01/2021;31918.8;31918.8;30784.6
05/01/2021;31756.7;31756.7;31594.7
06/01/2021;31189.7;31189.7;30784.6
07/01/2021;30784.6;30784.6;30541.6
08/01/2021;30865.6;30865.6;30703.6
11/01/2021;31189.7;31189.7;30865.6
12/01/2021;31432.7;31432.7;30784.6
13/01/2021;30865.6;30865.6;30784.6
14/01/2021;31149.2;31149.2;30784.6
15/01/2021;31270.7;31270.7;31108.6
18/01/2021;31149.2;31149.2;31027.6
19/01/2021;29002.3;29002.3;29002.3
20/01/2021;29123.9;29123.9;27544.1
21/01/2021;29974.5;29974.5;29164.4
22/01/2021;29893.5;29893.5;29164.4
25/01/2021;29650.4;29650.4;29083.3
26/01/2021;28354.2;28354.2;28111.2
27/01/2021;26977;26977;26734
28/01/2021;25113.8;25113.8;25113.8
29/01/2021;26328.9;26328.9;25032.7
01/02/2021;25194.8;25194.8;25194.8
02/02/2021;26531.5;26531.5;25194.8
03/02/2021;26572;26572;26531.5
04/02/2021;27382.1;27382.1;26572
05/02/2021;27382.1;27382.1;27139.1
08/02/2021;26288.4;26288.4;25680.8
09/02/2021;26531.5;26531.5;25599.8
17/02/2021;27341.6;27341.6;26653
18/02/2021;27139.1;27139.1;27058
19/02/2021;27301.1;27301.1;26855.5
22/02/2021;27746.6;27746.6;27301.1
23/02/2021;27746.6;27746.6;27139.1
24/02/2021;27827.7;27827.7;27058
25/02/2021;27787.2;27787.2;27341.6
26/02/2021;27341.6;27341.6;26977
01/03/2021;27787.2;27787.2;27382.1
02/03/2021;27746.6;27746.6;27665.6
03/03/2021;27746.6;27746.6;27625.1
04/03/2021;27301.1;27301.1;27220.1
05/03/2021;27625.1;27625.1;26328.9
08/03/2021;27544.1;27544.1;27220.1
09/03/2021;27544.1;27544.1;27341.6
10/03/2021;29447.9;29447.9;27341.6
11/03/2021;29690.9;29690.9;29650.4
12/03/2021;29002;29002;28840
15/03/2021;28638;28638;28354
16/03/2021;30055;30055;28597
17/03/2021;31676;31676;29893
18/03/2021;31473;31473;30785
19/03/2021;31068;31068;30704
22/03/2021;30704;30704;30623
23/03/2021;30299;30299;29893
24/03/2021;29286;29286;29245
25/03/2021;29326;29326;29164
26/03/2021;28840;28840;27706
29/03/2021;29691;29691;28881
30/03/2021;29691;29691;29610
31/03/2021;29164;29164;29002
01/04/2021;29650;29650;29083
02/04/2021;29650;29650;29650
05/04/2021;29569;29569;28921
06/04/2021;29569;29569;29002
07/04/2021;29083;29083;29083
08/04/2021;29488;29488;29124
09/04/2021;29650;29650;29569
12/04/2021;29650;29650;29407
13/04/2021;29164;29164;28962
14/04/2021;29488;29488;28881
15/04/2021;29083;29083;28840
16/04/2021;28597;28597;28314
19/04/2021;28354;28354;27949
20/04/2021;27747;27747;27747
22/04/2021;28192;28192;27625
23/04/2021;28678;28678;27625
26/04/2021;28192;28192;27625
27/04/2021;27544;27544;27301
28/04/2021;27868;27868;27301
29/04/2021;27868;27868;27544
04/05/2021;27625;27625;27382
05/05/2021;28111;28111;27625
06/05/2021;28111;28111;27544
07/05/2021;28111;28111;27463
10/05/2021;27868;27868;27139
11/05/2021;27828;27828;27301
12/05/2021;27909;27909;27382
13/05/2021;27787;27787;27261
14/05/2021;29164;29164;27585
17/05/2021;29002;29002;27544
18/05/2021;28759;28759;28354
19/05/2021;28597;28597;27180
20/05/2021;28921;28921;27787
21/05/2021;28476;28476;28354
24/05/2021;29934;29934;28476
25/05/2021;30177;30177;29893
26/05/2021;29812;29812;29529
27/05/2021;29245;29245;29245
28/05/2021;30663;30663;29002
31/05/2021;30258;30258;29164
01/06/2021;29488;29488;29164
02/06/2021;29448;29448;28435
03/06/2021;29326;29326;29124
04/06/2021;30299;30299;28921
07/06/2021;29731;29731;28759
08/06/2021;28678;28678;28597
09/06/2021;29407;29407;28354
10/06/2021;29286;29286;28597
11/06/2021;29367;29367;28921
14/06/2021;29407;29407;29164
15/06/2021;29164;29164;29124
16/06/2021;28759;28759;28759
17/06/2021;28435;28435;27949
18/06/2021;28678;28678;28435
21/06/2021;28759;28759;28435
22/06/2021;28759;28759;28354
23/06/2021;29367;29367;28719
24/06/2021;29367;29367;29002
25/06/2021;29893;29893;29043
28/06/2021;29650;29650;29367
29/06/2021;29569;29569;29488
30/06/2021;30218;30218;29245
01/07/2021;31271;31271;30380
02/07/2021;31919;31919;31271
05/07/2021;31595;31595;31028
06/07/2021;30461;30461;30461
07/07/2021;30218;30218;29286
08/07/2021;30218;30218;29569
09/07/2021;29974;29974;29569
12/07/2021;28678;28678;27949
13/07/2021;29893;29893;28111
14/07/2021;29407;29407;28111
15/07/2021;28800;28800;28273
16/07/2021;28840;28840;28638
19/07/2021;28152;28152;27463
20/07/2021;28840;28840;27544
21/07/2021;28719;28719;28354
22/07/2021;29164;29164;28071
23/07/2021;29083;29083;28759
26/07/2021;31109;31109;29164
27/07/2021;32040;32040;31352
28/07/2021;32243;32243;31352
29/07/2021;32162;32162;31595
30/07/2021;34390;34390;32162
02/08/2021;36779;36779;34390
03/08/2021;36253;36253;35807
04/08/2021;35726;35726;35483
05/08/2021;36455;36455;35402
06/08/2021;36698;36698;35726
09/08/2021;38035;38035;36131
10/08/2021;37387;37387;37023
11/08/2021;35159;35159;35159
12/08/2021;35281;35281;35159
13/08/2021;35645;35645;34025
16/08/2021;37063;37063;35726
17/08/2021;36820;36820;36293
18/08/2021;36374;36374;36293
19/08/2021;36374;36374;35645
20/08/2021;37185;37185;36253
23/08/2021;39777;39777;37104
24/08/2021;41154;41154;39939
25/08/2021;40668;40668;39291
26/08/2021;40587;40587;39939
27/08/2021;41154;41154;39534
30/08/2021;41316;41316;41154
31/08/2021;42774;42774;40911
01/09/2021;42693;42693;42288
06/09/2021;43422;43422;41397
07/09/2021;43503;43503;42936
08/09/2021;42936;42936;42936
09/09/2021;44152;44152;42936
10/09/2021;44233;44233;43747
13/09/2021;45367;45367;44233
14/09/2021;48526;48526;46096
15/09/2021;49579;49579;48850
16/09/2021;48931;48931;48607
17/09/2021;48931;48931;48688
20/09/2021;50957;50957;48769
21/09/2021;50065;50065;48769
22/09/2021;52010;52010;50228
23/09/2021;50633;50633;50309
24/09/2021;49012;49012;49012
27/09/2021;46420;46420;45610
28/09/2021;47797;47797;44557
29/09/2021;47716;47716;44638
30/09/2021;47635;47635;46987
01/10/2021;46825;46825;46015
04/10/2021;46744;46744;46015
05/10/2021;48121;48121;46177
06/10/2021;48121;48121;47392
07/10/2021;49660;49660;47959
08/10/2021;49660;49660;48607
11/10/2021;49417;49417;48769
12/10/2021;49336;49336;48607
13/10/2021;49174;49174;48850
14/10/2021;50065;50065;49417
15/10/2021;50228;50228;49741
18/10/2021;49417;49417;48769
19/10/2021;48364;48364;48040
20/10/2021;48283;48283;48040
21/10/2021;49417;49417;48283
22/10/2021;49336;49336;48283
25/10/2021;48607;48607;48121
26/10/2021;48283;48283;47797
27/10/2021;49012;49012;47959
28/10/2021;50065;50065;48607
29/10/2021;51038;51038;50714
01/11/2021;51848;51848;51038
02/11/2021;51686;51686;50633
03/11/2021;50552;50552;49903
04/11/2021;50957;50957;50228
05/11/2021;51443;51443;50471
08/11/2021;52091;52091;51443
09/11/2021;52658;52658;52010
10/11/2021;52496;52496;51443
11/11/2021;51848;51848;48850
12/11/2021;51929;51929;51038
15/11/2021;51686;51686;51443
16/11/2021;51767;51767;50633
17/11/2021;52334;52334;51038
18/11/2021;55898;55898;52415
19/11/2021;56627;56627;52010
22/11/2021;54197;54197;53468
23/11/2021;53792;53792;50552
24/11/2021;55331;55331;52172
25/11/2021;55493;55493;55250
26/11/2021;53063;53063;53063
29/11/2021;51686;51686;50228
30/11/2021;50228;50228;50228
01/12/2021;50633;50633;50309
02/12/2021;50552;50552;49903
03/12/2021;49336;49336;49255
06/12/2021;48688;48688;48688
07/12/2021;49255;49255;48688
08/12/2021;49174;49174;48607
09/12/2021;49417;49417;48688
10/12/2021;50228;50228;48769
13/12/2021;49822;49822;49498
14/12/2021;49012;49012;48931
15/12/2021;48850;48850;48850
16/12/2021;48688;48688;48283
17/12/2021;48931;48931;48445
20/12/2021;48040;48040;47797
21/12/2021;48040;48040;47068
22/12/2021;48121;48121;46987
23/12/2021;46987;46987;46987
24/12/2021;47797;47797;46987
27/12/2021;48364;48364;46177
28/12/2021;48607;48607;47797
29/12/2021;48607;48607;47392
30/12/2021;48202;48202;48121
31/12/2021;48607;48607;47554
04/01/2022;49417;49417;46663
05/01/2022;50390;50390;48607
06/01/2022;48607;48607;46987
07/01/2022;47797;47797;47635
10/01/2022;46177;46177;46177
11/01/2022;44557;44557;44071
12/01/2022;44557;44557;41478
13/01/2022;44395;44395;42936
14/01/2022;43990;43990;42531
17/01/2022;41316;41316;41316
18/01/2022;40182;40182;40182
19/01/2022;42936;42936;40101
20/01/2022;44314;44314;42936
21/01/2022;44152;44152;43260
24/01/2022;41802;41802;41073
25/01/2022;41802;41802;40101
26/01/2022;41721;41721;40344
27/01/2022;41964;41964;41235
28/01/2022;44071;44071;41883
07/02/2022;47149;47149;44881
08/02/2022;47473;47473;47230
09/02/2022;48607;48607;47635
10/02/2022;49450;49450;48655
11/02/2022;49008;49008;46801
14/02/2022;48832;48832;48125
15/02/2022;48478;48478;47684
16/02/2022;49450;49450;48125
17/02/2022;50068;50068;48655
18/02/2022;50068;50068;49626
21/02/2022;50509;50509;49538
22/02/2022;50068;50068;49715
23/02/2022;50421;50421;49891
24/02/2022;49715;49715;47684
25/02/2022;49008;49008;49008
28/02/2022;48567;48567;48567
01/03/2022;48302;48302;47684
02/03/2022;48302;48302;47684
03/03/2022;49273;49273;47772
04/03/2022;49361;49361;48037
07/03/2022;49008;49008;47684
08/03/2022;47860;47860;47772
09/03/2022;47684;47684;47331
10/03/2022;49273;49273;48567
11/03/2022;49097;49097;47860
14/03/2022;48832;48832;47860
15/03/2022;49008;49008;47860
16/03/2022;49008;49008;47684
17/03/2022;52364;52364;49185
18/03/2022;52540;52540;52364
21/03/2022;52099;52099;51216
22/03/2022;48743;48743;48567
23/03/2022;49626;49626;48743
24/03/2022;49891;49891;49008
25/03/2022;49626;49626;49538
28/03/2022;49273;49273;48655
29/03/2022;52717;52717;49450
30/03/2022;53953;53953;49097
31/03/2022;55631;55631;53688
01/04/2022;56073;56073;53070
04/04/2022;55454;55454;54748
05/04/2022;55896;55896;54395
06/04/2022;57397;57397;55631
07/04/2022;57839;57839;57397
08/04/2022;56249;56249;54836
12/04/2022;56514;56514;54130
13/04/2022;57309;57309;56161
14/04/2022;58192;58192;56514
15/04/2022;60841;60841;58280
18/04/2022;62430;62430;61018
19/04/2022;58104;58104;58104
20/04/2022;61812;61812;55366
21/04/2022;60929;60929;57839
22/04/2022;58898;58898;56691
25/04/2022;54836;54836;54836
26/04/2022;55808;55808;51128
27/04/2022;56249;56249;53070
28/04/2022;56779;56779;55190
29/04/2022;57220;57220;55190
04/05/2022;56249;56249;55808
05/05/2022;57132;57132;55631
06/05/2022;55808;55808;53512
09/05/2022;55190;55190;53159
10/05/2022;54218;54218;51392
11/05/2022;55013;55013;52982
12/05/2022;52099;52099;52099
13/05/2022;50245;50245;49450
16/05/2022;47684;47684;46801
17/05/2022;50333;50333;44417
18/05/2022;52099;52099;50333
19/05/2022;49715;49715;48478
20/05/2022;51657;51657;46624
23/05/2022;50774;50774;48567
24/05/2022;49273;49273;47242
25/05/2022;52099;52099;47595
26/05/2022;52099;52099;48478
27/05/2022;53688;53688;51834
30/05/2022;53688;53688;52982
31/05/2022;53159;53159;51922
01/06/2022;51481;51481;51216
02/06/2022;52011;52011;49715
03/06/2022;53865;53865;50421
06/06/2022;53335;53335;52099
07/06/2022;52982;52982;51746
08/06/2022;53688;53688;52717
09/06/2022;53865;53865;53247
10/06/2022;52894;52894;52011
13/06/2022;50774;50774;49273
14/06/2022;50421;50421;49008
15/06/2022;49450;49450;47949
16/06/2022;51392;51392;49450
17/06/2022;50598;50598;49361
20/06/2022;48832;48832;48743
21/06/2022;48832;48832;47949
22/06/2022;49273;49273;48390
23/06/2022;48567;48567;47684
24/06/2022;51216;51216;47949
27/06/2022;52894;52894;50774
28/06/2022;52894;52894;49891
29/06/2022;51922;51922;51392
30/06/2022;51657;51657;49715
01/07/2022;54748;54748;48390
04/07/2022;51657;51657;50951
05/07/2022;51039;51039;48743
06/07/2022;50156;50156;48125
07/07/2022;50333;50333;48567
08/07/2022;50333;50333;49803
11/07/2022;50156;50156;49097
12/07/2022;51657;51657;49097
13/07/2022;52452;52452;50068
14/07/2022;52540;52540;50245
15/07/2022;51834;51834;49450
18/07/2022;52099;52099;49803
19/07/2022;51216;51216;50068
20/07/2022;52011;52011;51216
21/07/2022;52099;52099;50686
22/07/2022;50333;50333;50333
25/07/2022;52011;52011;49980
26/07/2022;51746;51746;50068
27/07/2022;52452;52452;51216
28/07/2022;51481;51481;51392
29/07/2022;52011;52011;51657
01/08/2022;54483;54483;52982
02/08/2022;54748;54748;53512
03/08/2022;53865;53865;52276
04/08/2022;55366;55366;52982
05/08/2022;55190;55190;53159
08/08/2022;55190;55190;53865
09/08/2022;55631;55631;54306
10/08/2022;54660;54660;54660
11/08/2022;55101;55101;54660
12/08/2022;56602;56602;54571
15/08/2022;59340;59340;55808
16/08/2022;59781;59781;58810
17/08/2022;59605;59605;58722
18/08/2022;60929;60929;59163
19/08/2022;59870;59870;59163
22/08/2022;59163;59163;58015
23/08/2022;58810;58810;57662
24/08/2022;56514;56514;56514
25/08/2022;54660;54660;54306
26/08/2022;52982;52982;52540
29/08/2022;53777;53777;52276
30/08/2022;54306;54306;53423
31/08/2022;52099;52099;51834
05/09/2022;53423;53423;51922
06/09/2022;57132;57132;53512
07/09/2022;55719;55719;55454
08/09/2022;56073;56073;55454
09/09/2022;56867;56867;55719
12/09/2022;50000;50000;47050
13/09/2022;50900;50900;50500
14/09/2022;50600;50600;49600
15/09/2022;53000;53000;50300
16/09/2022;52800;52800;51900
19/09/2022;51500;51500;50100
20/09/2022;52000;52000;50600
21/09/2022;50900;50900;50700
22/09/2022;50900;50900;49900
23/09/2022;50600;50600;50000
26/09/2022;47500;47500;47200
27/09/2022;48400;48400;46000
28/09/2022;46400;46400;46400
29/09/2022;44600;44600;44600
30/09/2022;45800;45800;43550
03/10/2022;42600;42600;42600
04/10/2022;43450;43450;42600
05/10/2022;44500;44500;43700
06/10/2022;42650;42650;42600
07/10/2022;39700;39700;39700
10/10/2022;41500;41500;37300
11/10/2022;38600;38600;38600
12/10/2022;40600;40600;38400
13/10/2022;41900;41900;38650
14/10/2022;40400;40400;40100
17/10/2022;40000;40000;38800
18/10/2022;40300;40300;39450
19/10/2022;40900;40900;40300
20/10/2022;40900;40900;40300
21/10/2022;40300;40300;39200
24/10/2022;38000;38000;37500
25/10/2022;39000;39000;35500
26/10/2022;39400;39400;38650
27/10/2022;39750;39750;38300
28/10/2022;39600;39600;38000
31/10/2022;39250;39250;37100
01/11/2022;38500;38500;38000
02/11/2022;38450;38450;36000
03/11/2022;36850;36850;36000
04/11/2022;34300;34300;34300
07/11/2022;32000;32000;31900
08/11/2022;33200;33200;32000
09/11/2022;35400;35400;33900
10/11/2022;33950;33950;32950
11/11/2022;35000;35000;34500
14/11/2022;35000;35000;32650
15/11/2022;32550;32550;32550
16/11/2022;34800;34800;30300
17/11/2022;35800;35800;34900
18/11/2022;35750;35750;34500
21/11/2022;35700;35700;34700
22/11/2022;35950;35950;34600
23/11/2022;35400;35400;34100
24/11/2022;36200;36200;34100
25/11/2022;36600;36600;35150
28/11/2022;37800;37800;36600
29/11/2022;39500;39500;37750
30/11/2022;41200;41200;39200
01/12/2022;41000;41000;40700
02/12/2022;42000;42000;39500
05/12/2022;41200;41200;40700
06/12/2022;40000;40000;39700
07/12/2022;39550;39550;39000
08/12/2022;40800;40800;39550
09/12/2022;40000;40000;39400
12/12/2022;40400;40400;39300
13/12/2022;40050;40050;39000
14/12/2022;39700;39700;39000
15/12/2022;39800;39800;38700
16/12/2022;39600;39600;39000
19/12/2022;39600;39600;38850
20/12/2022;38400;38400;37000
21/12/2022;38050;38050;36900
22/12/2022;39050;39050;38250
23/12/2022;39000;39000;38800
26/12/2022;36900;36900;36900
27/12/2022;38200;38200;36900
28/12/2022;38000;38000;37500
29/12/2022;38900;38900;36000
30/12/2022;40000;40000;36500
03/01/2023;41500;41500;39000
04/01/2023;41100;41100;38600
05/01/2023;41200;41200;40200
06/01/2023;40950;40950;39700
09/01/2023;40000;40000;38800
10/01/2023;41400;41400;39500
11/01/2023;40850;40850;39000
12/01/2023;40500;40500;39300
13/01/2023;40250;40250;39400
16/01/2023;40300;40300;39200
17/01/2023;40500;40500;39800
18/01/2023;41000;41000;40200
19/01/2023;41600;41600;40250
27/01/2023;43500;43500;42000
30/01/2023;43000;43000;42450
31/01/2023;43100;43100;41500
01/02/2023;41600;41600;41350
02/02/2023;42400;42400;40150
03/02/2023;43000;43000;41850
06/02/2023;42500;42500;42000
07/02/2023;41300;41300;41300
08/02/2023;41950;41950;40300
09/02/2023;41950;41950;41700
10/02/2023;41500;41500;40200
13/02/2023;41900;41900;39250
14/02/2023;41900;41900;40000
15/02/2023;41600;41600;40250
16/02/2023;41300;41300;40100
17/02/2023;41250;41250;40350
20/02/2023;41900;41900;40700
21/02/2023;41900;41900;41200
22/02/2023;40000;40000;40000
23/02/2023;40900;40900;39500
24/02/2023;40550;40550;39750
27/02/2023;39900;39900;38550
28/02/2023;40600;40600;39000
01/03/2023;40900;40900;39900
02/03/2023;40450;40450;40000
03/03/2023;39300;39300;39200
06/03/2023;40450;40450;39150
07/03/2023;40350;40350;39900
08/03/2023;40700;40700;39200
09/03/2023;40500;40500;40000
10/03/2023;41000;41000;39950
13/03/2023;40800;40800;39600
14/03/2023;39400;39400;39400
15/03/2023;41300;41300;40000
16/03/2023;41000;41000;39900
17/03/2023;41100;41100;40350
20/03/2023;40300;40300;40050
21/03/2023;40950;40950;39950
22/03/2023;40200;40200;40150
23/03/2023;40500;40500;39400
24/03/2023;40550;40550;40000
27/03/2023;40450;40450;39700
28/03/2023;40400;40400;39700
29/03/2023;40000;40000;39500
30/03/2023;39950;39950;39600
31/03/2023;39900;39900;39450
03/04/2023;40600;40600;39500
04/04/2023;40550;40550;39700
05/04/2023;41900;41900;40200
06/04/2023;41450;41450;40600
07/04/2023;41600;41600;40150
10/04/2023;41600;41600;41000
11/04/2023;41750;41750;40500
12/04/2023;41500;41500;40800
13/04/2023;41850;41850;41100
14/04/2023;41850;41850;41250
17/04/2023;41850;41850;41150
18/04/2023;41800;41800;41200
19/04/2023;41800;41800;41150
20/04/2023;41650;41650;41200
21/04/2023;41650;41650;41200
24/04/2023;41500;41500;41200
25/04/2023;41300;41300;40200
26/04/2023;41400;41400;40400
27/04/2023;41500;41500;40200
28/04/2023;41600;41600;41050
04/05/2023;41550;41550;40550
05/05/2023;41500;41500;40700
08/05/2023;41500;41500;40950
09/05/2023;41450;41450;41000
10/05/2023;41450;41450;41000
11/05/2023;41450;41450;40850
12/05/2023;41400;41400;40000
15/05/2023;41400;41400;40700
16/05/2023;41250;41250;40250
17/05/2023;41000;41000;40800
18/05/2023;41000;41000;40650
19/05/2023;40900;40900;40400
22/05/2023;40800;40800;40350
23/05/2023;40500;40500;40350
24/05/2023;40750;40750;40000
25/05/2023;40700;40700;40200
26/05/2023;40500;40500;40200
29/05/2023;41150;41150;40250
30/05/2023;41000;41000;40550
31/05/2023;40850;40850;40800
01/06/2023;41000;41000;40500
02/06/2023;41200;41200;40800
05/06/2023;44050;44050;41200
06/06/2023;45700;45700;43950
07/06/2023;45500;45500;43600
08/06/2023;44500;44500;43600
09/06/2023;45500;45500;43000
12/06/2023;45500;45500;44250
13/06/2023;44900;44900;44400
14/06/2023;44800;44800;44000
15/06/2023;45000;45000;43600
16/06/2023;45500;45500;44400
19/06/2023;45350;45350;45000
20/06/2023;46000;46000;44600
21/06/2023;45800;45800;44500
22/06/2023;45500;45500;44500
23/06/2023;45300;45300;44600
26/06/2023;48350;48350;44000
27/06/2023;47550;47550;45600
28/06/2023;47000;47000;45600
29/06/2023;46450;46450;46000
30/06/2023;46200;46200;46000
03/07/2023;46400;46400;45800
04/07/2023;46700;46700;46000
05/07/2023;46950;46950;46000
06/07/2023;46800;46800;46000
07/07/2023;46900;46900;46000
10/07/2023;46800;46800;46000
11/07/2023;47250;47250;46600
12/07/2023;47700;47700;46500
13/07/2023;48150;48150;46650
14/07/2023;48000;48000;47500
17/07/2023;48200;48200;47500
18/07/2023;48500;48500;46100
19/07/2023;48450;48450;47300
20/07/2023;48100;48100;47600
21/07/2023;47900;47900;47200
24/07/2023;47850;47850;47350
25/07/2023;47400;47400;47400
26/07/2023;47200;47200;47000
27/07/2023;47800;47800;47200
28/07/2023;48300;48300;46400
31/07/2023;49050;49050;48000
01/08/2023;49050;49050;48500
02/08/2023;49500;49500;47400
03/08/2023;49000;49000;48150
04/08/2023;49200;49200;48450
07/08/2023;49400;49400;48100
08/08/2023;49200;49200;48400
09/08/2023;49000;49000;47000
10/08/2023;48900;48900;48000
11/08/2023;49000;49000;48400
14/08/2023;48800;48800;48400
15/08/2023;48950;48950;48300
16/08/2023;49050;49050;48450
17/08/2023;48500;48500;48500
18/08/2023;48000;48000;46600
21/08/2023;48500;48500;46300
22/08/2023;49300;49300;46800
23/08/2023;48950;48950;48000
24/08/2023;49500;49500;47500
25/08/2023;49900;49900;48200
28/08/2023;50200;50200;49700
29/08/2023;50400;50400;50200
30/08/2023;50500;50500;48000
31/08/2023;50600;50600;50000
05/09/2023;50800;50800;49000
06/09/2023;50700;50700;49700
07/09/2023;50100;50100;49800
08/09/2023;50500;50500;48200
11/09/2023;50100;50100;49400
12/09/2023;50600;50600;48000
13/09/2023;49800;49800;49800
14/09/2023;49500;49500;48000
15/09/2023;49800;49800;48800
18/09/2023;48800;48800;48500
19/09/2023;49450;49450;48050
20/09/2023;48900;48900;48500
21/09/2023;48800;48800;48400
22/09/2023;49000;49000;47000
25/09/2023;48600;48600;48050
26/09/2023;48100;48100;48000
27/09/2023;48800;48800;47200
28/09/2023;48000;48000;47150
29/09/2023;47800;47800;47000
02/10/2023;47800;47800;47000
03/10/2023;47100;47100;46500
04/10/2023;47500;47500;44500
05/10/2023;47200;47200;46100
06/10/2023;47500;47500;46500
09/10/2023;48200;48200;47000
10/10/2023;48850;48850;46500
11/10/2023;49000;49000;47700
12/10/2023;50400;50400;47900
13/10/2023;49950;49950;48550
16/10/2023;48500;48500;47000
17/10/2023;48500;48500;47650
18/10/2023;47900;47900;45500
19/10/2023;47900;47900;46400
20/10/2023;47700;47700;46600
23/10/2023;47000;47000;46300
24/10/2023;46000;46000;45000
25/10/2023;46600;46600;46000
26/10/2023;44050;44050;44000
27/10/2023;44900;44900;44100
30/10/2023;44750;44750;44100
31/10/2023;43500;43500;42900
01/11/2023;43500;43500;40900
02/11/2023;44450;44450;43200
03/11/2023;44750;44750;44000
06/11/2023;45000;45000;44200
07/11/2023;46000;46000;45100
08/11/2023;46500;46500;46000
09/11/2023;46700;46700;46200
10/11/2023;46450;46450;45600
13/11/2023;46250;46250;46200
14/11/2023;47400;47400;46000
15/11/2023;47300;47300;47300
16/11/2023;47500;47500;47050
17/11/2023;47450;47450;47050
20/11/2023;47300;47300;47100
21/11/2023;49500;49500;46500
22/11/2023;49450;49450;49000
23/11/2023;48050;48050;47900
24/11/2023;48800;48800;47550
27/11/2023;48700;48700;48050
28/11/2023;48750;48750;48200
29/11/2023;48950;48950;48200
30/11/2023;48900;48900;46500
01/12/2023;48800;48800;48000
04/12/2023;48400;48400;47900
05/12/2023;38250;38250;37550
06/12/2023;39000;39000;38250
07/12/2023;38600;38600;37900
08/12/2023;38950;38950;38050
11/12/2023;38850;38850;38300
12/12/2023;39000;39000;38300
13/12/2023;38900;38900;37000
14/12/2023;38900;38900;38350
15/12/2023;39000;39000;38600
