Date,Price
12/15/2016,15077.4
12/16/2016,15167.5
12/19/2016,15383.6
12/20/2016,15329.6
12/21/2016,15311.6
12/22/2016,15329.6
12/23/2016,15365.6
12/26/2016,15383.6
12/27/2016,15545.8
12/28/2016,15707.9
12/29/2016,15653.9
12/30/2016,15852
1/3/2017,16158.2
1/4/2017,16302.3
1/5/2017,16248.3
1/6/2017,16194.3
1/9/2017,16284.3
1/10/2017,16572.5
1/11/2017,16608.6
1/12/2017,16554.5
1/13/2017,16176.2
1/16/2017,15852
1/17/2017,15996.1
1/18/2017,15779.9
1/19/2017,15779.9
1/20/2017,15924.1
1/23/2017,16014.1
1/24/2017,16104.2
1/25/2017,16248.3
2/2/2017,16176.2
2/3/2017,16104.2
2/6/2017,15960.1
2/7/2017,16032.1
2/8/2017,16068.2
2/9/2017,16050.2
2/10/2017,16014.1
2/13/2017,16140.2
2/14/2017,16716.7
2/15/2017,16572.5
2/16/2017,16320.4
2/17/2017,16320.4
2/20/2017,16230.3
2/21/2017,16356.4
2/22/2017,16500.5
2/23/2017,16572.5
2/24/2017,16572.5
2/27/2017,16770.7
2/28/2017,16518.5
3/1/2017,16464.5
3/2/2017,16374.4
3/3/2017,16446.5
3/6/2017,16554.5
3/7/2017,16500.5
3/8/2017,16500.5
3/9/2017,16392.4
3/10/2017,16572.5
3/13/2017,16482.5
3/14/2017,16464.5
3/15/2017,16410.4
3/16/2017,16464.5
3/17/2017,16536.5
3/20/2017,16788.7
3/21/2017,16788.7
3/22/2017,16608.6
3/23/2017,17293.1
3/24/2017,17185
3/27/2017,17149
3/28/2017,17076.9
3/29/2017,17113
3/30/2017,16968.8
3/31/2017,17040.9
4/3/2017,16716.7
4/4/2017,16932.8
4/5/2017,16770.7
4/7/2017,16932.8
4/10/2017,16932.8
4/11/2017,16914.8
4/12/2017,17131
4/13/2017,17022.9
4/14/2017,16590.6
4/17/2017,16464.5
4/18/2017,16572.5
4/19/2017,16572.5
4/20/2017,16518.5
4/21/2017,16518.5
4/24/2017,16482.5
4/25/2017,16446.5
4/26/2017,16572.5
4/27/2017,16752.7
4/28/2017,16734.7
5/3/2017,16932.8
5/4/2017,16932.8
5/5/2017,16968.8
5/8/2017,16932.8
5/9/2017,17401.2
5/10/2017,17329.1
5/11/2017,17329.1
5/12/2017,17293.1
5/15/2017,17221
5/16/2017,17113
5/17/2017,17221
5/18/2017,17257.1
5/19/2017,17437.2
5/22/2017,17473.2
5/23/2017,17599.3
5/24/2017,17689.4
5/25/2017,18016.7
5/26/2017,17805.3
5/29/2017,18016.7
5/30/2017,18185.9
5/31/2017,18185.9
6/1/2017,18376.2
6/2/2017,18291.6
6/5/2017,18291.6
6/6/2017,18735.7
6/7/2017,18630
6/8/2017,18693.4
6/9/2017,19095.2
6/12/2017,18904.9
6/13/2017,19179.8
6/14/2017,19116.3
6/15/2017,19200.9
6/16/2017,19327.8
6/19/2017,19581.5
6/20/2017,19518.1
6/21/2017,20089.1
6/22/2017,20131.4
6/23/2017,20067.9
6/26/2017,19750.7
6/27/2017,19327.8
6/28/2017,19602.7
6/29/2017,19666.1
6/30/2017,19814.2
7/3/2017,19623.8
7/4/2017,19708.4
7/5/2017,19750.7
7/6/2017,20258.2
7/7/2017,20554.3
7/10/2017,20385.1
7/11/2017,20131.4
7/12/2017,20279.4
7/13/2017,20660
7/14/2017,20596.6
7/17/2017,20300.5
7/18/2017,20215.9
7/19/2017,19835.3
7/20/2017,19793
7/21/2017,19539.3
7/24/2017,19666.1
7/25/2017,19750.7
7/26/2017,20215.9
7/27/2017,20385.1
7/28/2017,20533.1
7/31/2017,20448.5
8/1/2017,20723.5
8/2/2017,20892.6
8/3/2017,21188.7
8/4/2017,21188.7
8/7/2017,21082.9
8/8/2017,20702.3
8/9/2017,20469.7
8/10/2017,20681.2
8/11/2017,20913.8
8/14/2017,20808
8/15/2017,20681.2
8/16/2017,20554.3
8/17/2017,20467.9
8/18/2017,20511.1
8/21/2017,20619.1
8/22/2017,20338.4
8/23/2017,20381.6
8/24/2017,20597.5
8/25/2017,20511.1
8/28/2017,20554.3
8/29/2017,20619.1
8/30/2017,20640.6
8/31/2017,20942.9
9/1/2017,20986.1
9/5/2017,20942.9
9/6/2017,20813.4
9/7/2017,20683.8
9/8/2017,20597.5
9/11/2017,20446.3
9/12/2017,20770.2
9/13/2017,21050.9
9/14/2017,20878.1
9/15/2017,20813.4
9/18/2017,20878.1
9/19/2017,20899.7
9/20/2017,21007.7
9/21/2017,21331.5
9/22/2017,21353.1
9/25/2017,21094
9/26/2017,21158.8
9/27/2017,21158.8
9/28/2017,21137.2
9/29/2017,21050.9
10/2/2017,20813.4
10/3/2017,20662.2
10/4/2017,20748.6
10/5/2017,20856.5
10/6/2017,21050.9
10/9/2017,21072.5
10/10/2017,21288.4
10/11/2017,21547.4
10/12/2017,22022.4
10/13/2017,22108.8
10/16/2017,22195.2
10/17/2017,22238.3
10/18/2017,21806.5
10/19/2017,21849.7
10/20/2017,21720.2
10/23/2017,21288.4
10/24/2017,21288.4
10/25/2017,21461.1
10/26/2017,21417.9
10/27/2017,21677
10/30/2017,21590.6
10/31/2017,21763.4
11/1/2017,21936.1
11/2/2017,21806.5
11/3/2017,22022.4
11/6/2017,22195.2
11/7/2017,22108.8
11/8/2017,22886.1
11/9/2017,22713.3
11/10/2017,22540.6
11/13/2017,23317.9
11/14/2017,23274.7
11/15/2017,24570.1
11/16/2017,24613.3
11/17/2017,24483.8
11/20/2017,25001.9
11/21/2017,24699.7
11/22/2017,25045.1
11/23/2017,24872.4
11/24/2017,25001.9
11/27/2017,25131.5
11/28/2017,24829.2
11/29/2017,25606.5
11/30/2017,25217.9
12/1/2017,25217.9
12/4/2017,25390.6
12/5/2017,24742.9
12/6/2017,24527
12/7/2017,24224.7
12/8/2017,23965.6
12/11/2017,23102
12/12/2017,23188.3
12/13/2017,23620.1
12/14/2017,24138.3
12/15/2017,24397.4
12/18/2017,24311
12/19/2017,23836.1
12/20/2017,24311
12/21/2017,24354.2
12/22/2017,24656.5
12/25/2017,24872.4
12/26/2017,24656.5
12/27/2017,24483.8
12/28/2017,24699.7
12/29/2017,24656.5
1/2/2018,25822.4
1/3/2018,25822.4
1/4/2018,26340.6
1/5/2018,25908.8
1/8/2018,26297.4
1/9/2018,26815.6
1/10/2018,26556.5
1/11/2018,26556.5
1/12/2018,25995.1
1/15/2018,26340.6
1/16/2018,26340.6
1/17/2018,25476.9
1/18/2018,25476.9
1/19/2018,25433.8
1/22/2018,26297.4
1/25/2018,26383.7
1/26/2018,26254.2
1/29/2018,26038.3
1/30/2018,27636
1/31/2018,27161
2/1/2018,26599.7
2/2/2018,26340.6
2/5/2018,24656.5
2/6/2018,23404.2
2/7/2018,24440.6
2/8/2018,23836.1
2/9/2018,23749.7
2/12/2018,24656.5
2/13/2018,25476.9
2/21/2018,25649.7
2/22/2018,25217.9
2/23/2018,26124.7
2/26/2018,26081.5
2/27/2018,25822.4
2/28/2018,25822.4
3/1/2018,26254.2
3/2/2018,26383.7
3/5/2018,26556.5
3/6/2018,27333.7
3/7/2018,26858.7
3/8/2018,26858.7
3/9/2018,26599.7
3/12/2018,26513.3
3/13/2018,25951.9
3/14/2018,26254.2
3/15/2018,26167.8
3/16/2018,25951.9
3/19/2018,26124.7
3/20/2018,26470.1
3/21/2018,26340.6
3/22/2018,25951.9
3/23/2018,25304.2
3/26/2018,25563.3
3/27/2018,25692.8
3/28/2018,25433.8
3/29/2018,25692.8
3/30/2018,26211
4/2/2018,26556.5
4/3/2018,26426.9
4/4/2018,26642.8
4/5/2018,27204.2
4/6/2018,27074.6
4/9/2018,27376.9
4/10/2018,27808.7
4/11/2018,27204.2
4/12/2018,27463.3
4/13/2018,26772.4
4/16/2018,26383.7
4/17/2018,26772.4
4/18/2018,26772.4
4/19/2018,26211
4/20/2018,26470.1
4/23/2018,25045.1
4/24/2018,24354.2
4/26/2018,23749.7
4/27/2018,24613.3
5/2/2018,24613.3
5/3/2018,25045.1
5/4/2018,25390.6
5/7/2018,25736
5/8/2018,25476.9
5/9/2018,25217.9
5/10/2018,25174.7
5/11/2018,25692.8
5/14/2018,26599.7
5/15/2018,26513.3
5/16/2018,26124.7
5/17/2018,26167.8
5/18/2018,26254.2
5/21/2018,26340.6
5/22/2018,25779.2
5/23/2018,26167.8
5/24/2018,25692.8
5/25/2018,24911
5/28/2018,23178.9
5/29/2018,24146.9
5/30/2018,23153.5
5/31/2018,23433.7
6/1/2018,23662.9
6/4/2018,24070.4
6/5/2018,24350.6
6/6/2018,24707.2
6/7/2018,24350.6
6/8/2018,24427
6/11/2018,24197.8
6/12/2018,23586.5
6/13/2018,23841.2
6/14/2018,23739.3
6/15/2018,23688.4
6/18/2018,23128
6/19/2018,22669.5
6/20/2018,23128
6/21/2018,22618.6
6/22/2018,22924.2
6/25/2018,22975.2
6/26/2018,22669.5
6/27/2018,22567.6
6/28/2018,21650.7
6/29/2018,21141.2
7/2/2018,20479
7/3/2018,19867.7
7/4/2018,20377.1
7/5/2018,20122.4
7/6/2018,20784.6
7/9/2018,20453.5
7/10/2018,20580.9
7/11/2018,19969.5
7/12/2018,19765.8
7/13/2018,20682.7
7/16/2018,20835.6
7/17/2018,21345
7/18/2018,21854.4
7/19/2018,21650.7
7/20/2018,21192.2
7/23/2018,21395.9
7/24/2018,21497.8
7/25/2018,21599.7
7/26/2018,21676.1
7/27/2018,22058.2
7/30/2018,22058.2
7/31/2018,21803.5
8/1/2018,21395.9
8/2/2018,21752.5
8/3/2018,21701.6
8/6/2018,21523.3
8/7/2018,21370.5
8/8/2018,21650.7
8/9/2018,21803.5
8/10/2018,21956.3
8/13/2018,22134.6
8/14/2018,22567.6
8/15/2018,22312.9
8/16/2018,22417.2
8/17/2018,22677.8
8/20/2018,22782.1
8/21/2018,22782.1
8/22/2018,22964.6
8/23/2018,23147
8/24/2018,23173.1
8/27/2018,23147
8/28/2018,23042.8
8/29/2018,23042.8
8/30/2018,23016.7
8/31/2018,23042.8
9/4/2018,22990.6
9/5/2018,22573.6
9/6/2018,22078.3
9/7/2018,22417.2
9/10/2018,22182.6
9/11/2018,22495.4
9/12/2018,22443.2
9/13/2018,22625.7
9/14/2018,23225.2
9/17/2018,22990.6
9/18/2018,23355.6
9/19/2018,23694.4
9/20/2018,23929
9/21/2018,23929
9/24/2018,24033.3
9/25/2018,23929
9/26/2018,24007.2
9/27/2018,24085.4
9/28/2018,24137.6
10/1/2018,23981.2
10/2/2018,23616.2
10/3/2018,23720.5
10/4/2018,23903
10/5/2018,23772.6
10/8/2018,23459.8
10/9/2018,23303.4
10/10/2018,23616.2
10/11/2018,22260.8
10/12/2018,22834.2
10/15/2018,22417.2
10/16/2018,22547.5
10/17/2018,22730
10/18/2018,22730
10/19/2018,22417.2
10/22/2018,22495.4
10/23/2018,22000.1
10/24/2018,21791.6
10/25/2018,21400.6
10/26/2018,21270.3
10/29/2018,21374.5
10/30/2018,21374.5
10/31/2018,21869.8
11/1/2018,21843.7
11/2/2018,22365
11/5/2018,22182.6
11/6/2018,21974
11/7/2018,21817.6
11/8/2018,21974
11/9/2018,21504.9
11/12/2018,21869.8
11/13/2018,21713.4
11/14/2018,22026.2
11/15/2018,22000.1
11/16/2018,22286.8
11/19/2018,22495.4
11/20/2018,22625.7
11/21/2018,22625.7
11/22/2018,22625.7
11/23/2018,22443.2
11/26/2018,22130.4
11/27/2018,22286.8
11/28/2018,22312.9
11/29/2018,22365
11/30/2018,22365
12/3/2018,23407.7
12/4/2018,23433.8
12/5/2018,23251.3
12/6/2018,23147
12/7/2018,23512
12/10/2018,23042.8
12/11/2018,22964.6
12/12/2018,23173.1
12/13/2018,23251.3
12/14/2018,23016.7
12/17/2018,22417.2
12/18/2018,21895.8
12/19/2018,21948
12/20/2018,21921.9
12/21/2018,22156.5
12/24/2018,21895.8
12/25/2018,21635.2
12/26/2018,21583.1
12/27/2018,21791.6
12/28/2018,22000.1
1/2/2019,21478.8
1/3/2019,21270.3
1/4/2019,21426.7
1/7/2019,21791.6
1/8/2019,21895.8
1/9/2019,22104.4
1/10/2019,21974
1/11/2019,22000.1
1/14/2019,22156.5
1/15/2019,22312.9
1/16/2019,22182.6
1/17/2019,21895.8
1/18/2019,21895.8
1/21/2019,22156.5
1/22/2019,22078.3
1/23/2019,22078.3
1/24/2019,22130.4
1/25/2019,22104.4
1/28/2019,21948
1/29/2019,22156.5
1/30/2019,22521.4
1/31/2019,22521.4
2/1/2019,22208.6
2/11/2019,23016.7
2/12/2019,22886.4
2/13/2019,23225.2
2/14/2019,23068.8
2/15/2019,23042.8
2/18/2019,23147
2/19/2019,23147
2/20/2019,23381.6
2/21/2019,23355.6
2/22/2019,23564.1
2/25/2019,23720.5
2/26/2019,23564.1
2/27/2019,23512
2/28/2019,23042.8
3/1/2019,23251.3
3/4/2019,23459.8
3/5/2019,23407.7
3/6/2019,23251.3
3/7/2019,23329.5
3/8/2019,23277.4
3/11/2019,23199.2
3/12/2019,24241.8
3/13/2019,24085.4
3/14/2019,24111.5
3/15/2019,23981.2
3/18/2019,24085.4
3/19/2019,23824.8
3/20/2019,23694.4
3/21/2019,23512
3/22/2019,23485.9
3/25/2019,23147
3/26/2019,23329.5
3/27/2019,23459.8
3/28/2019,23538
3/29/2019,23720.5
4/1/2019,23876.9
4/2/2019,23981.2
4/3/2019,24606.8
4/4/2019,24919.6
4/5/2019,24919.6
4/8/2019,24919.6
4/9/2019,24658.9
4/10/2019,24450.4
4/11/2019,24502.5
4/12/2019,25128.1
4/16/2019,24971.7
4/17/2019,25284.5
4/18/2019,25284.5
4/19/2019,25258.4
4/22/2019,24971.7
4/23/2019,24971.7
4/24/2019,25310.6
4/25/2019,25440.9
4/26/2019,25831.9
5/2/2019,25988.3
5/3/2019,26066.5
5/6/2019,25414.8
5/7/2019,25910.1
5/8/2019,25884
5/9/2019,25336.6
5/10/2019,25545.2
5/13/2019,25805.8
5/14/2019,26170.8
5/15/2019,26275
5/16/2019,25884
5/17/2019,25965.8
5/20/2019,26433.2
5/21/2019,26812.9
5/22/2019,26433.2
5/23/2019,26696
5/24/2019,26637.6
5/27/2019,26433.2
5/28/2019,26199.5
5/29/2019,25761.4
5/30/2019,26024.3
5/31/2019,25761.4
6/3/2019,25410.9
6/4/2019,25294.1
6/5/2019,25469.3
6/6/2019,25995.1
6/7/2019,26404
6/10/2019,26345.6
6/11/2019,26404
6/12/2019,26316.3
6/13/2019,26024.3
6/14/2019,25936.6
6/17/2019,25732.2
6/18/2019,25732.2
6/19/2019,26082.7
6/20/2019,26520.8
6/21/2019,26520.8
6/24/2019,26374.8
6/25/2019,27163.4
6/26/2019,26958.9
6/27/2019,26520.8
6/28/2019,26579.2
7/1/2019,27513.9
7/2/2019,27397
7/3/2019,27338.6
7/4/2019,27426.2
7/5/2019,27221.8
7/8/2019,27046.5
7/9/2019,27309.4
7/10/2019,27484.7
7/11/2019,27455.5
7/12/2019,27455.5
7/15/2019,27630.7
7/16/2019,27630.7
7/17/2019,27484.7
7/18/2019,27338.6
7/19/2019,28156.4
7/22/2019,28244.1
7/23/2019,28506.9
7/24/2019,28390.1
7/25/2019,28419.3
7/26/2019,28506.9
7/29/2019,28390.1
7/30/2019,27922.8
7/31/2019,28273.3
8/1/2019,28244.1
8/2/2019,28506.9
8/5/2019,28623.8
8/6/2019,28594.6
8/7/2019,29061.9
8/8/2019,29383.2
8/9/2019,29850.5
8/12/2019,30551.5
8/13/2019,30668.3
8/14/2019,31077.2
8/15/2019,31553.5
8/16/2019,30958.2
8/19/2019,31196.3
8/20/2019,32148.9
8/21/2019,31910.7
8/22/2019,31553.5
8/23/2019,32387
8/26/2019,31970.3
8/27/2019,31434.4
8/28/2019,31017.7
8/29/2019,31374.9
8/30/2019,31613.1
9/3/2019,31970.3
9/4/2019,31672.6
9/5/2019,31315.4
9/6/2019,31494
9/9/2019,32029.8
9/10/2019,32148.9
9/11/2019,32208.4
9/12/2019,33637.2
9/13/2019,33815.8
9/16/2019,34351.7
9/17/2019,34292.1
9/18/2019,33577.7
9/19/2019,34411.2
9/20/2019,34649.3
9/23/2019,33637.2
9/24/2019,33458.6
9/25/2019,34173.1
9/26/2019,34351.7
9/27/2019,34827.9
9/30/2019,34351.7
10/1/2019,34827.9
10/2/2019,34054
10/3/2019,34054
10/4/2019,33815.8
10/7/2019,33041.9
10/8/2019,33399.1
10/9/2019,33577.7
10/10/2019,33577.7
10/11/2019,33637.2
10/14/2019,34351.7
10/15/2019,34173.1
10/16/2019,34232.6
10/17/2019,33756.3
10/18/2019,33994.4
10/21/2019,33637.2
10/22/2019,33518.2
10/23/2019,33577.7
10/24/2019,34649.3
10/25/2019,34530.3
10/28/2019,34589.8
10/29/2019,34470.7
10/30/2019,34411.2
10/31/2019,34470.7
11/1/2019,34827.9
11/4/2019,35661.4
11/5/2019,35601.9
11/6/2019,35423.3
11/7/2019,35423.3
11/8/2019,35482.8
11/11/2019,35721
11/12/2019,36316.3
11/13/2019,36018.6
11/14/2019,34708.9
11/15/2019,34887.5
11/18/2019,34232.6
11/19/2019,34708.9
11/20/2019,33815.8
11/21/2019,33339.6
11/22/2019,33339.6
11/25/2019,33696.8
11/26/2019,33994.4
11/27/2019,33934.9
11/28/2019,33339.6
11/29/2019,33577.7
12/2/2019,32506.1
12/3/2019,32446.5
12/4/2019,32982.4
12/5/2019,32684.7
12/6/2019,32744.2
12/9/2019,32922.8
12/10/2019,33041.9
12/11/2019,33637.2
12/12/2019,33934.9
12/13/2019,33994.4
12/16/2019,33637.2
12/17/2019,32982.4
12/18/2019,33041.9
12/19/2019,33220.5
12/20/2019,33637.2
12/23/2019,33399.1
12/24/2019,33577.7
12/25/2019,34232.6
12/26/2019,34173.1
12/27/2019,34292.1
12/30/2019,34887.5
12/31/2019,34708.9
1/2/2020,34887.5
1/3/2020,34292.1
1/6/2020,33934.9
1/7/2020,34589.8
1/8/2020,33815.8
1/9/2020,34292.1
1/10/2020,34232.6
1/13/2020,33994.4
1/14/2020,33934.9
1/15/2020,33934.9
1/16/2020,34530.3
1/17/2020,34292.1
1/20/2020,34173.1
1/21/2020,33041.9
1/22/2020,33637.2
1/30/2020,32565.6
1/31/2020,30958.2
2/3/2020,30660.5
2/4/2020,30839.1
2/5/2020,30958.2
2/6/2020,31910.7
2/7/2020,31732.1
2/10/2020,31315.4
2/11/2020,31910.7
2/12/2020,32208.4
2/13/2020,32327.5
2/14/2020,32446.5
2/17/2020,32267.9
2/18/2020,33339.6
2/19/2020,33161
2/20/2020,33220.5
2/21/2020,32565.6
2/24/2020,31255.8
2/25/2020,32148.9
2/26/2020,32744.2
2/27/2020,33339.6
2/28/2020,32803.7
3/2/2020,33161
3/3/2020,33280
3/4/2020,33041.9
3/5/2020,32506.1
3/6/2020,32148.9
3/9/2020,29946.1
3/10/2020,30779.6
3/11/2020,30243.7
3/12/2020,28636.3
3/13/2020,28666.1
3/16/2020,28338.6
3/17/2020,28874.4
3/18/2020,28814.9
3/19/2020,28398.2
3/20/2020,28398.2
3/23/2020,26433.5
3/24/2020,26493
3/25/2020,27386.1
3/26/2020,26314.4
3/27/2020,25659.6
3/30/2020,24052.1
3/31/2020,24468.9
4/1/2020,25183.3
4/3/2020,26552.6
4/6/2020,28279.1
4/7/2020,28160
4/8/2020,27892.1
4/9/2020,27892.1
4/10/2020,27624.2
4/13/2020,27683.7
4/14/2020,29469.8
4/15/2020,29827
4/16/2020,29946.1
4/17/2020,30481.9
4/20/2020,30541.4
4/21/2020,29350.7
4/22/2020,30422.4
4/23/2020,30362.8
4/24/2020,30362.8
4/27/2020,30184.2
4/28/2020,30184.2
4/29/2020,30243.7
5/4/2020,30065.1
5/5/2020,30303.3
5/6/2020,31494
5/7/2020,31851.2
5/8/2020,31970.3
5/11/2020,32148.9
5/12/2020,32387
5/13/2020,34336.4
5/14/2020,33884.2
5/15/2020,33397.1
5/18/2020,33640.7
5/19/2020,34266.9
5/20/2020,34023.3
5/21/2020,34301.7
5/22/2020,33710.2
5/25/2020,33710.2
5/26/2020,33953.8
5/27/2020,33397.1
5/28/2020,33397.1
5/29/2020,33362.4
6/1/2020,33605.9
6/2/2020,33397.1
6/3/2020,33849.4
6/4/2020,33675.5
6/5/2020,33884.2
6/8/2020,34336.4
6/9/2020,34058.1
6/10/2020,33953.8
6/11/2020,32005.6
6/12/2020,32701.4
6/15/2020,32005.6
6/16/2020,32423.1
6/17/2020,32249.1
6/18/2020,32423.1
6/19/2020,32701.4
6/22/2020,32701.4
6/23/2020,33084
6/24/2020,32840.5
6/25/2020,32562.2
6/26/2020,32597
6/29/2020,32040.4
6/30/2020,31762.1
7/1/2020,32144.8
7/2/2020,32110
7/3/2020,32179.5
7/6/2020,32562.2
7/7/2020,33014.5
7/8/2020,33188.4
7/9/2020,33640.7
7/10/2020,33258
7/13/2020,33849.4
7/14/2020,33779.8
7/15/2020,33814.6
7/16/2020,33814.6
7/17/2020,33466.7
7/20/2020,32979.7
7/21/2020,33258
7/22/2020,32979.7
7/23/2020,33223.2
7/24/2020,31936
7/27/2020,30405.3
7/28/2020,31431.4
7/29/2020,30640.4
7/30/2020,31053.1
7/31/2020,30606.1
8/3/2020,31568.9
8/4/2020,32016
8/5/2020,32325.5
8/6/2020,32187.9
8/7/2020,32394.3
8/10/2020,32463.1
8/11/2020,32325.5
8/12/2020,32669.4
8/13/2020,32978.9
8/14/2020,32875.7
8/17/2020,33016.2
8/18/2020,32910.9
8/19/2020,32910.9
8/20/2020,33051.4
8/21/2020,33297.2
8/24/2020,34034.8
8/25/2020,34315.8
8/26/2020,33999.7
8/27/2020,35018.3
8/28/2020,35053.4
8/31/2020,34772.4
9/1/2020,35053.4
9/3/2020,35404.6
9/4/2020,35123.7
9/7/2020,34069.9
9/8/2020,34772.4
9/9/2020,34561.7
9/10/2020,34561.7
9/11/2020,34526.6
9/14/2020,34631.9
9/15/2020,35123.7
9/16/2020,35474.9
9/17/2020,35123.7
9/18/2020,35966.6
9/21/2020,35966.6
9/22/2020,36036.9
9/23/2020,35896.4
9/24/2020,35474.9
9/25/2020,35685.6
9/28/2020,35896.4
9/29/2020,35264.1
9/30/2020,35123.7
10/1/2020,35685.6
10/2/2020,35334.4
10/5/2020,35474.9
10/6/2020,35474.9
10/7/2020,35404.6
10/8/2020,35896.4
10/9/2020,35685.6
10/12/2020,35755.9
10/13/2020,35615.4
10/14/2020,35826.1
10/15/2020,35966.6
10/16/2020,37371.6
10/19/2020,37441.8
10/20/2020,37371.6
10/21/2020,37090.6
10/22/2020,37933.5
10/23/2020,37863.3
10/26/2020,37090.6
10/27/2020,36598.8
10/28/2020,35615.4
10/29/2020,35755.9
10/30/2020,36177.4
11/2/2020,36317.9
11/3/2020,37090.6
11/4/2020,37231.1
11/5/2020,36528.6
11/6/2020,36809.6
11/9/2020,37512.1
11/10/2020,37231.1
11/11/2020,37231.1
11/12/2020,37582.3
11/13/2020,37793.1
11/16/2020,37441.8
11/17/2020,37933.5
11/18/2020,37933.5
11/19/2020,38706.3
11/20/2020,38776.5
11/23/2020,39268.2
11/24/2020,39057.5
11/25/2020,38776.5
11/26/2020,39127.8
11/27/2020,39479
11/30/2020,38917
12/1/2020,38776.5
12/2/2020,39057.5
12/3/2020,39057.5
12/4/2020,39127.8
12/7/2020,39127.8
12/8/2020,39479
12/9/2020,40392.2
12/10/2020,39689.7
12/11/2020,40041
12/14/2020,40181.5
12/15/2020,39830.2
12/16/2020,40111.2
12/17/2020,39689.7
12/18/2020,39970.7
12/21/2020,40392.2
12/22/2020,40813.7
12/23/2020,40392.2
12/24/2020,40041
12/25/2020,40462.4
12/28/2020,40673.2
12/29/2020,41164.9
12/30/2020,40813.7
12/31/2020,41516.2
1/4/2021,42288.9
1/5/2021,44045.1
1/6/2021,43834.3
1/7/2021,43904.6
1/8/2021,44466.5
1/11/2021,45450
1/12/2021,46222.7
1/13/2021,46714.5
1/14/2021,46644.2
1/15/2021,46784.7
1/18/2021,46574
1/19/2021,43553.3
1/20/2021,44466.5
1/21/2021,46082.2
1/22/2021,46995.4
1/25/2021,47065.7
1/26/2021,46363.2
1/27/2021,44255.8
1/28/2021,41164.9
1/29/2021,44045.1
2/1/2021,44607
2/2/2021,46363.2
2/3/2021,49173.1
2/4/2021,50929.3
2/5/2021,51210.3
2/8/2021,50086.3
2/9/2021,52404.5
2/17/2021,54722.7
2/18/2021,54933.4
2/19/2021,53809.4
2/22/2021,53949.9
2/23/2021,53036.7
2/24/2021,52966.5
2/25/2021,53528.4
2/26/2021,53528.4
3/1/2021,54722.7
3/2/2021,54722.7
3/3/2021,54582.2
3/4/2021,53317.7
3/5/2021,53317.7
3/8/2021,53247.5
3/9/2021,52685.5
3/10/2021,53598.7
3/11/2021,53879.7
3/12/2021,53739.2
3/15/2021,53739.2
3/16/2021,56900.3
3/17/2021,56759.8
3/18/2021,56900.3
3/19/2021,56057.4
3/22/2021,55284.6
3/23/2021,55354.9
3/24/2021,54090.4
3/25/2021,53809.4
3/26/2021,53458
3/29/2021,54512
3/30/2021,54161
3/31/2021,54582
4/1/2021,55987
4/2/2021,56057
4/5/2021,55917
4/6/2021,55776
4/7/2021,55917
4/8/2021,55917
4/9/2021,57673
4/12/2021,57673
4/13/2021,56690
4/14/2021,56900
4/15/2021,56198
4/16/2021,55987
4/19/2021,57252
4/20/2021,58235
4/22/2021,56198
4/23/2021,58305
4/26/2021,56900
4/27/2021,56690
4/28/2021,56760
4/29/2021,56830
5/4/2021,58235
5/5/2021,58235
5/6/2021,58095
5/7/2021,58305
5/10/2021,60272
5/11/2021,59851
5/12/2021,59991
5/13/2021,59008
5/14/2021,59570
5/17/2021,60202
5/18/2021,61115
5/19/2021,63785
5/20/2021,67086
5/21/2021,65892
5/24/2021,65681
5/25/2021,65892
5/26/2021,66946
5/27/2021,65892
5/28/2021,66594
5/31/2021,68772
6/1/2021,70994
6/2/2021,69690
6/3/2021,69445
6/4/2021,69038
6/7/2021,67407
6/8/2021,65859
6/9/2021,66592
6/10/2021,66755
6/11/2021,68059
6/14/2021,68304
6/15/2021,67815
6/16/2021,67733
6/17/2021,67326
6/18/2021,68304
6/21/2021,69771
6/22/2021,69608
6/23/2021,69201
6/24/2021,69038
6/25/2021,69445
6/28/2021,69853
6/29/2021,72216
6/30/2021,71727
7/1/2021,72461
7/2/2021,74906
7/5/2021,75558
7/6/2021,70912
7/7/2021,73765
7/8/2021,73195
7/9/2021,73113
7/12/2021,70179
7/13/2021,70912
7/14/2021,69445
7/15/2021,69608
7/16/2021,70749
7/19/2021,69038
7/20/2021,70749
7/21/2021,70586
7/22/2021,72868
7/23/2021,73765
7/26/2021,76373
7/27/2021,75966
7/28/2021,74988
7/29/2021,76129
7/30/2021,76618
8/2/2021,77922
8/3/2021,78085
8/4/2021,77922
8/5/2021,78737
8/6/2021,78737
8/9/2021,79471
8/10/2021,79715
8/11/2021,78330
8/12/2021,76455
8/13/2021,77433
8/16/2021,77927
8/17/2021,77268
8/18/2021,77433
8/19/2021,77845
8/20/2021,76444
8/23/2021,74962
8/24/2021,75703
8/25/2021,75703
8/26/2021,75291
8/27/2021,75785
8/30/2021,75950
8/31/2021,76115
9/1/2021,76115
9/6/2021,78174
9/7/2021,77021
9/8/2021,76692
9/9/2021,76774
9/10/2021,77021
9/13/2021,76609
9/14/2021,77268
9/15/2021,77515
9/16/2021,78010
9/17/2021,78833
9/20/2021,77762
9/21/2021,77021
9/22/2021,76774
9/23/2021,76692
9/24/2021,76362
9/27/2021,75868
9/28/2021,76609
9/29/2021,76774
9/30/2021,76609
10/1/2021,76527
10/4/2021,77927
10/5/2021,77762
10/6/2021,77762
10/7/2021,77680
10/8/2021,81469
10/11/2021,81716
10/12/2021,81552
10/13/2021,81881
10/14/2021,81387
10/15/2021,81469
10/18/2021,81552
10/19/2021,81222
10/20/2021,80398
10/21/2021,79657
10/22/2021,79245
10/25/2021,78174
10/26/2021,79822
10/27/2021,80893
10/28/2021,80728
10/29/2021,79822
11/1/2021,78916
11/2/2021,79163
11/3/2021,79163
11/4/2021,79080
11/5/2021,80398
11/8/2021,80234
11/9/2021,79410
11/10/2021,79904
11/11/2021,79080
11/12/2021,80728
11/15/2021,80151
11/16/2021,80975
11/17/2021,80975
11/18/2021,79492
11/19/2021,78504
11/22/2021,78257
11/23/2021,79575
11/24/2021,80646
11/25/2021,82375
11/26/2021,81469
11/29/2021,80810
11/30/2021,79987
12/1/2021,80893
12/2/2021,80069
12/3/2021,78669
12/6/2021,77845
12/7/2021,79080
12/8/2021,78751
12/9/2021,79904
12/10/2021,78916
12/13/2021,79080
12/14/2021,78833
12/15/2021,78998
12/16/2021,78669
12/17/2021,79410
12/20/2021,78916
12/21/2021,78421
12/22/2021,78257
12/23/2021,76774
12/24/2021,77268
12/27/2021,77845
12/28/2021,77845
12/29/2021,77103
12/30/2021,77103
12/31/2021,76609
1/4/2022,77021
1/5/2022,77103
1/6/2022,77021
1/7/2022,76939
1/10/2022,75785
1/11/2022,73726
1/12/2022,73808
1/13/2022,75868
1/14/2022,75209
1/17/2022,73314
1/18/2022,72573
1/19/2022,72738
1/20/2022,73149
1/21/2022,72655
1/24/2022,70266
1/25/2022,71255
1/26/2022,70843
1/27/2022,70761
1/28/2022,73726
2/7/2022,73726
2/8/2022,74632
2/9/2022,74715
2/10/2022,75785
2/11/2022,75456
2/14/2022,74962
2/15/2022,75044
2/16/2022,75209
2/17/2022,76444
2/18/2022,75950
2/21/2022,77021
2/22/2022,76527
2/23/2022,76609
2/24/2022,75785
2/25/2022,76033
2/28/2022,76856
3/1/2022,76939
3/2/2022,76692
3/3/2022,76939
3/4/2022,77021
3/7/2022,77268
3/8/2022,78092
3/9/2022,78669
3/10/2022,77927
3/11/2022,76774
3/14/2022,75621
3/15/2022,74962
3/16/2022,75456
3/17/2022,75785
3/18/2022,78339
3/21/2022,78504
3/22/2022,79410
3/23/2022,79492
3/24/2022,79080
3/25/2022,78833
3/28/2022,80810
3/29/2022,86412
3/30/2022,87318
3/31/2022,88142
4/1/2022,91437
4/4/2022,90036
4/5/2022,89789
4/6/2022,93084
4/7/2022,93331
4/8/2022,89377
4/12/2022,90448
4/13/2022,94814
4/14/2022,96050
4/15/2022,94732
4/18/2022,95144
4/19/2022,92261
4/20/2022,92261
4/21/2022,92261
4/22/2022,91519
4/25/2022,85176
4/26/2022,85918
4/27/2022,84847
4/28/2022,86906
4/29/2022,86494
5/4/2022,86082
5/5/2022,86247
5/6/2022,82540
5/9/2022,77433
5/10/2022,81057
5/11/2022,83941
5/12/2022,78751
5/13/2022,77103
5/16/2022,76774
5/17/2022,82128
5/18/2022,80481
5/19/2022,79904
5/20/2022,80316
5/23/2022,79492
5/24/2022,80893
5/25/2022,86494
5/26/2022,86988
5/27/2022,92096
5/30/2022,91684
5/31/2022,90531
6/1/2022,92096
6/2/2022,91849
6/3/2022,93908
6/6/2022,93084
6/7/2022,95226
6/8/2022,94732
6/9/2022,94979
6/10/2022,90613
6/13/2022,85209
6/14/2022,88076
6/15/2022,89460
6/16/2022,90943
6/17/2022,90943
6/20/2022,90943
6/21/2022,88076
6/22/2022,83529
6/23/2022,84517
6/24/2022,84517
6/27/2022,85506
6/28/2022,88669
6/29/2022,88966
6/30/2022,85209
7/1/2022,86989
7/4/2022,85703
7/5/2022,84418
7/6/2022,82540
7/7/2022,82145
7/8/2022,82639
7/11/2022,81848
7/12/2022,82540
7/13/2022,81552
7/14/2022,81848
7/15/2022,81255
7/18/2022,82046
7/19/2022,82046
7/20/2022,83924
7/21/2022,84023
7/22/2022,84122
7/25/2022,84418
7/26/2022,83825
7/27/2022,84221
7/28/2022,83924
7/29/2022,82540
8/1/2022,83035
8/2/2022,84023
8/3/2022,83825
8/4/2022,85110
8/5/2022,84814
8/8/2022,85012
8/9/2022,85209
8/10/2022,85012
8/11/2022,85012
8/12/2022,85506
8/15/2022,87878
8/16/2022,87680
8/17/2022,87285
8/18/2022,87285
8/19/2022,85901
8/22/2022,85802
8/23/2022,86000
8/24/2022,86200
8/25/2022,86300
8/26/2022,87200
8/29/2022,86500
8/30/2022,86400
8/31/2022,86600
9/5/2022,86200
9/6/2022,85800
9/7/2022,84000
9/8/2022,84300
9/9/2022,84300
9/12/2022,84600
9/13/2022,84600
9/14/2022,84000
9/15/2022,83700
9/16/2022,82500
9/19/2022,83100
9/20/2022,83400
9/21/2022,82300
9/22/2022,82900
9/23/2022,82400
9/26/2022,81500
9/27/2022,80500
9/28/2022,78000
9/29/2022,77000
9/30/2022,80500
10/3/2022,77000
10/4/2022,77500
10/5/2022,78400
10/6/2022,76500
10/7/2022,74000
10/10/2022,74000
10/11/2022,71000
10/12/2022,72400
10/13/2022,73000
10/14/2022,74000
10/17/2022,73800
10/18/2022,74900
10/19/2022,75500
10/20/2022,77800
10/21/2022,73900
10/24/2022,71100
10/25/2022,73200
10/26/2022,73800
10/27/2022,75800
10/28/2022,75000
10/31/2022,75600
11/1/2022,75500
11/2/2022,74000
11/3/2022,74100
11/4/2022,72900
11/7/2022,72600
11/8/2022,73300
11/9/2022,74000
11/10/2022,73000
11/11/2022,72800
11/14/2022,70800
11/15/2022,65900
11/16/2022,69300
11/17/2022,71000
11/18/2022,71500
11/21/2022,70100
11/22/2022,70500
11/23/2022,70500
11/24/2022,70500
11/25/2022,72000
11/28/2022,74300
11/29/2022,74300
11/30/2022,74600
12/1/2022,74700
12/2/2022,77400
12/5/2022,78300
12/6/2022,76000
12/7/2022,76500
12/8/2022,77000
12/9/2022,78000
12/12/2022,77000
12/13/2022,77200
12/14/2022,76300
12/15/2022,77700
12/16/2022,77900
12/19/2022,76600
12/20/2022,76600
12/21/2022,77200
12/22/2022,77200
12/23/2022,78000
12/26/2022,76400
12/27/2022,76500
12/28/2022,76700
12/29/2022,76200
12/30/2022,76900
1/3/2023,80000
1/4/2023,80000
1/5/2023,80600
1/6/2023,80300
1/9/2023,80300
1/10/2023,80400
1/11/2023,80900
1/12/2023,80700
1/13/2023,80000
1/16/2023,80800
1/17/2023,82000
1/18/2023,83400
1/19/2023,83900
1/27/2023,84000
1/30/2023,83700
1/31/2023,83500
2/1/2023,82000
2/2/2023,81900
2/3/2023,80100
2/6/2023,80500
2/7/2023,80700
2/8/2023,81200
2/9/2023,80700
2/10/2023,80700
2/13/2023,80700
2/14/2023,80800
2/15/2023,81600
2/16/2023,81600
2/17/2023,81600
2/20/2023,82800
2/21/2023,82800
2/22/2023,81800
2/23/2023,81400
2/24/2023,80800
2/27/2023,80300
2/28/2023,80500
3/1/2023,80500
3/2/2023,80000
3/3/2023,78500
3/6/2023,78200
3/7/2023,78800
3/8/2023,79500
3/9/2023,80600
3/10/2023,79500
3/13/2023,78900
3/14/2023,78700
3/15/2023,80500
3/16/2023,79200
3/17/2023,79000
3/20/2023,77600
3/21/2023,78100
3/22/2023,78500
3/23/2023,78000
3/24/2023,78600
3/27/2023,79100
3/28/2023,79200
3/29/2023,79000
3/30/2023,79100
3/31/2023,79100
4/3/2023,80900
4/4/2023,80500
4/5/2023,80600
4/6/2023,80300
4/7/2023,80500
4/10/2023,80300
4/11/2023,80300
4/12/2023,80300
4/13/2023,79600
4/14/2023,79600
4/17/2023,79600
4/18/2023,79400
4/19/2023,79300
4/20/2023,79400
4/21/2023,79300
4/24/2023,79100
4/25/2023,78400
4/26/2023,78300
4/27/2023,78300
4/28/2023,77500
5/4/2023,78500
5/5/2023,78400
5/8/2023,78500
5/9/2023,78900
5/10/2023,79000
5/11/2023,79100
5/12/2023,80500
5/15/2023,81000
5/16/2023,81500
5/17/2023,81500
5/18/2023,82900
5/19/2023,82800
5/22/2023,82500
5/23/2023,82000
5/24/2023,81300
5/25/2023,83200
5/26/2023,83100
5/29/2023,83100
5/30/2023,84000
5/31/2023,84100
6/1/2023,83500
6/2/2023,83800
6/5/2023,85000
6/6/2023,85300
6/7/2023,85000
6/8/2023,83600
6/9/2023,84600
6/12/2023,84900
6/13/2023,84400
6/14/2023,84200
6/15/2023,84100
6/16/2023,84500
6/19/2023,84700
6/20/2023,85500
6/21/2023,85800
6/22/2023,85500
6/23/2023,85100
6/26/2023,85800
6/27/2023,87300
6/28/2023,87000
6/29/2023,86500
6/30/2023,86000
7/3/2023,86400
7/4/2023,87000
7/5/2023,74800
7/6/2023,74600
7/7/2023,75300
7/10/2023,75300
7/11/2023,75000
7/12/2023,75300
7/13/2023,75800
7/14/2023,78300
7/17/2023,79000
7/18/2023,78700
7/19/2023,78500
7/20/2023,80300
7/21/2023,81000
7/24/2023,81000
7/25/2023,81300
7/26/2023,82700
7/27/2023,83700
7/28/2023,84400
7/31/2023,85600
8/1/2023,84500
8/2/2023,83500
8/3/2023,83700
8/4/2023,83300
8/7/2023,84500
8/8/2023,84200
8/9/2023,83100
8/10/2023,82200
8/11/2023,82000
8/14/2023,82600
8/15/2023,84000
8/16/2023,85100
8/17/2023,86000
8/18/2023,85500
8/21/2023,85900
8/22/2023,86500
8/23/2023,86500
8/24/2023,90000
8/25/2023,90600
8/28/2023,94000
8/29/2023,93600
8/30/2023,96600
8/31/2023,96700
9/5/2023,96800
9/6/2023,99000
9/7/2023,97900
9/8/2023,97600
9/11/2023,97400
9/12/2023,98900
9/13/2023,98000
9/14/2023,95900
9/15/2023,97500
9/18/2023,96900
9/19/2023,98400
9/20/2023,98500
9/21/2023,96800
9/22/2023,96700
9/25/2023,94300
9/26/2023,93500
9/27/2023,94300
9/28/2023,94000
9/29/2023,92800
10/2/2023,93200
10/3/2023,92200
10/4/2023,92500
10/5/2023,91600
10/6/2023,92700
10/9/2023,95600
10/10/2023,96300
10/11/2023,97000
10/12/2023,96400
10/13/2023,96100
10/16/2023,96800
10/17/2023,93100
10/18/2023,93000
10/19/2023,92000
10/20/2023,92900
10/23/2023,91000
10/24/2023,92000
10/25/2023,90900
10/26/2023,86800
10/27/2023,87000
10/30/2023,85000
10/31/2023,83000
11/1/2023,85400
11/2/2023,89000
11/3/2023,87000
11/6/2023,88500
11/7/2023,88300
11/8/2023,92600
11/9/2023,92500
11/10/2023,91500
11/13/2023,91400
11/14/2023,92600
11/15/2023,92400
11/16/2023,93000
11/17/2023,91000
11/20/2023,90700
11/21/2023,91900
11/22/2023,93000
11/23/2023,90800
11/24/2023,91200
11/27/2023,90700
11/28/2023,91100
11/29/2023,91700
11/30/2023,91900
12/1/2023,92400
12/4/2023,93600
12/5/2023,94800
12/6/2023,95000
12/7/2023,94300
12/8/2023,94200
12/11/2023,95000
12/12/2023,96800
12/13/2023,95200
12/14/2023,96200
12/15/2023,96200