Date,Price,Open,High,Low,Vol.,Change
12/30/2022,4300,4000,4300,4000,0.7,-0.0227
12/29/2022,4400,4100,4400,4100,7000,0.0732
12/28/2022,4100,3800,4100,3800,5600,0
12/27/2022,4100,3900,4100,3800,11700,0
12/26/2022,4100,4500,4500,4500,,0
12/23/2022,4100,4100,4100,4100,0.2,0
12/22/2022,4100,3800,4100,3700,12200,0
12/21/2022,4100,4300,4300,3900,3300,-0.0238
12/20/2022,4200,4000,4200,3900,1800,-0.0233
12/19/2022,4300,4300,4300,4200,0.5,0
12/16/2022,4300,4300,4300,4300,0.1,0
12/15/2022,4300,4000,4400,4000,9900,0
12/14/2022,4300,4000,4300,3900,13800,0
12/13/2022,4300,3900,4300,3900,3900,0
12/12/2022,4300,4400,4400,4000,8900,0
12/9/2022,4300,4300,4300,4100,1800,0.0488
12/8/2022,4100,4400,4400,4000,3600,0
12/7/2022,4100,4300,4600,4100,8700,-0.0682
12/6/2022,4400,4500,4700,4300,7700,-0.0435
12/5/2022,4600,4600,4900,4500,10100,-0.0612
12/2/2022,4900,4500,5000,4500,7700,0.0208
12/1/2022,4800,4500,4800,4400,60700,0.0213
11/30/2022,4700,4500,4700,4400,6200,0
11/29/2022,4700,4600,4700,4600,2100,0.0217
11/28/2022,4600,4500,4600,4100,16700,0.0455
11/25/2022,4400,4400,4500,4400,1100,-0.0222
11/24/2022,4500,4300,4500,4200,3200,0
11/23/2022,4500,4700,4800,4300,20800,-0.0426
11/22/2022,4700,4400,4700,4400,18000,-0.0208
11/21/2022,4800,4800,4800,4800,0.1,0.0213
11/18/2022,4700,4600,4700,4500,24100,-0.06
11/17/2022,5000,4400,5000,4400,12800,0.0638
11/16/2022,4700,4100,4700,4100,24600,0.0444
11/15/2022,4500,4100,4500,4100,4600,0
11/14/2022,4500,4200,4500,4200,2800,-0.0217
11/11/2022,4600,4500,4600,4500,1500,0
11/8/2022,4600,4300,4600,4300,3200,-0.0213
11/4/2022,4700,4300,4700,4200,8500,0.0217
11/3/2022,4600,4900,4900,4100,20000,0.0222
11/2/2022,4500,4600,4900,4500,7300,-0.0816
11/1/2022,4900,4600,4900,4600,3700,0
10/31/2022,4900,4900,4900,4900,0.1,0.0652
10/28/2022,4600,4700,4900,4600,6600,-0.0417
10/27/2022,4800,4700,4800,4700,7900,0.0435
10/26/2022,4600,4500,4700,4400,3600,0.0222
10/25/2022,4500,4600,4800,4500,4900,-0.0816
10/24/2022,4900,4700,4900,4600,4600,-0.0392
10/21/2022,5100,4800,5100,4600,11000,0
10/20/2022,5100,5100,5500,4600,2100,0
10/19/2022,5100,5100,5100,4800,1100,0.02
10/18/2022,5000,5200,5200,4800,5200,0.0417
10/17/2022,4800,4700,5200,4700,2600,-0.0769
10/14/2022,5200,4800,5200,4800,2700,0
10/12/2022,5200,4800,5200,4800,10000,-0.0189
10/11/2022,5300,5000,5300,5000,1200,0
10/10/2022,5300,5100,5300,5100,2620,-0.0185
10/7/2022,5400,5100,5400,5000,10000,-0.0182
10/6/2022,5500,5200,5500,5200,1100,0
10/5/2022,5500,5300,5600,5100,14600,-0.0179
10/4/2022,5600,5300,5600,5300,1400,0
10/3/2022,5600,5500,5600,5300,4800,-0.0175
9/29/2022,5700,5600,5800,5500,3510,0.0556
9/28/2022,5400,5400,5400,5400,13200,-0.0526
9/27/2022,5700,5400,5700,5300,1000,-0.0172
9/26/2022,5800,5900,5900,5400,15100,-0.0169
9/23/2022,5900,5900,5900,5600,5100,0
9/22/2022,5900,5700,5900,5700,3120,0.0172
9/21/2022,5800,5700,5800,5700,0.4,0
9/20/2022,5800,5700,5800,5500,4000,0.0175
9/19/2022,5700,5800,5800,5500,1320,0.0179
9/16/2022,5600,5600,5600,5600,1100,-0.0508
9/15/2022,5900,5600,5900,5600,7500,0
9/14/2022,5900,5700,5900,5700,1800,0
9/13/2022,5900,5700,6000,5600,11300,0
9/12/2022,5900,5900,6000,5400,4400,-0.0167
9/9/2022,6000,5700,6000,5700,3300,0
9/8/2022,6000,5900,6000,5900,1300,0
9/7/2022,6000,6000,6000,5600,3700,0.0345
9/6/2022,5800,5800,6000,5700,6300,-0.0169
9/5/2022,5900,5900,5900,5800,9500,-0.0167
8/31/2022,6000,5900,6100,5700,6100,-0.0164
8/30/2022,6100,6000,6100,5900,3900,0.0339
8/29/2022,5900,5900,6000,5700,22400,-0.0328
8/26/2022,6100,6200,6300,6000,3900,-0.0161
8/25/2022,6200,6000,6200,6000,6700,0
8/24/2022,6200,6100,6500,6000,26900,0.0333
8/23/2022,6000,5900,6000,5800,13300,0.0714
8/22/2022,5600,6100,6100,5600,25800,-0.082
8/19/2022,6100,6200,6300,5800,37000,-0.0161
8/18/2022,6200,5800,6400,5500,51100,0.0164
8/17/2022,6100,6000,6100,5800,12300,0
8/16/2022,6100,6300,6300,5900,48300,-0.0469
8/15/2022,6400,6200,6500,6000,27900,0.0159
8/12/2022,6300,5900,6400,5900,53700,0.0678
8/11/2022,5900,5500,5900,5500,127900,0.0926
8/10/2022,5400,5300,5500,5200,7900,0
8/9/2022,5400,5600,5600,5200,13800,0
8/8/2022,5400,5400,5600,5400,14600,0
8/5/2022,5400,5500,5500,5300,12600,-0.0357
8/4/2022,5600,5600,5600,5300,4800,-0.0175
8/3/2022,5700,5500,5700,5400,13900,0.0179
8/2/2022,5600,5500,5600,5300,23200,0.0182
8/1/2022,5500,5300,5500,5300,1900,0
7/29/2022,5500,5300,5500,5300,0.8,0
7/28/2022,5500,5400,5500,5200,14000,0.0185
7/27/2022,5400,5400,5600,5300,2100,0.0189
7/26/2022,5300,5200,5400,5100,8900,-0.0364
7/25/2022,5500,5300,5600,5200,5900,-0.0179
7/22/2022,5600,5500,5600,5300,4900,0
7/21/2022,5600,5400,5700,5400,1100,0.037
7/20/2022,5400,5600,5700,5100,15800,-0.0357
7/19/2022,5600,5500,5600,5400,14700,-0.0508
7/18/2022,5900,5500,6000,5500,1600,0
7/15/2022,5900,5500,5900,5400,18900,0.0727
7/14/2022,5500,4800,5500,4800,44740,0.1
7/13/2022,5000,5000,5000,4900,6000,0
7/12/2022,5000,4900,5000,4900,5000,0.0204
7/11/2022,4900,4900,5000,4600,6000,-0.02
7/8/2022,5000,4900,5000,4800,3600,0
7/7/2022,5000,5000,5000,4800,14600,0
7/6/2022,5000,5000,5100,5000,0.84,0
7/5/2022,5000,5400,5400,4900,37300,-0.0741
7/4/2022,5400,5800,5800,5400,35000,-0.0847
7/1/2022,5900,5800,5900,5700,55400,0
6/30/2022,5900,5700,5900,5700,9900,-0.0167
6/29/2022,6000,5800,6000,5600,40800,0
6/28/2022,6000,5900,6000,5800,46400,0
6/27/2022,6000,5600,6000,5600,10000,0
6/24/2022,6000,6000,6000,5900,16300,0
6/23/2022,6000,5900,6000,5900,38900,0
6/22/2022,6000,5900,6000,5900,27900,0
6/21/2022,6000,5900,6000,5600,43100,0
6/20/2022,6000,5800,6000,5800,0.7,0.0526
6/17/2022,5700,5400,5800,5400,49200,-0.0339
6/16/2022,5900,5700,5900,5500,44600,0.0351
6/15/2022,5700,5900,5900,5600,6200,-0.0339
6/14/2022,5900,6100,6200,5700,26400,-0.0484
6/13/2022,6200,6400,6400,6000,34600,-0.0313
6/10/2022,6400,6600,6600,6400,34400,-0.0448
6/9/2022,6700,6500,6700,6500,28600,0
6/8/2022,6700,6400,6700,6400,61300,0.0469
6/7/2022,6400,6600,6600,6100,26100,-0.0303
6/6/2022,6600,6700,6700,6300,30400,-0.0149
6/3/2022,6700,6700,6700,6700,0.7,-0.0147
6/2/2022,6800,6700,6800,6600,41660,0.0149
6/1/2022,6700,6800,6800,6700,41100,-0.0147
5/31/2022,6800,6800,6900,6800,24000,-0.0286
5/30/2022,7000,7000,7000,6700,45100,0
5/27/2022,7000,6800,7000,6800,40500,0.0145
5/26/2022,6900,6800,6900,6800,21900,0.0147
5/25/2022,6800,6800,7000,6700,30000,0
5/24/2022,6800,6900,6900,6600,19500,-0.0145
5/23/2022,6900,6900,6900,6700,94920,0
5/20/2022,6900,6900,7000,6700,73600,0
5/19/2022,6900,7100,7100,6800,86200,-0.0417
5/18/2022,7200,7200,7200,7100,48200,0
5/17/2022,7200,6800,7200,6800,17500,0.0588
5/16/2022,6800,6700,7000,6700,21600,0.0149
5/13/2022,6700,7000,7000,6700,56400,-0.0429
5/12/2022,7000,7500,7500,7000,62800,-0.0667
5/11/2022,7500,7200,7600,6800,106400,0.0417
5/10/2022,7200,6600,7200,6500,53200,0.0909
5/9/2022,6600,7000,7000,6400,103500,-0.0571
5/6/2022,7000,7300,7300,6800,94200,-0.0411
5/5/2022,7300,7400,7600,7300,79900,-0.0267
5/4/2022,7500,6800,7600,6800,67600,0.0714
4/29/2022,7000,6300,7000,6300,135600,0.0938
4/28/2022,6400,6300,6500,6200,49000,0.0159
4/27/2022,6300,6100,6300,5800,70200,0.0328
4/26/2022,6100,5700,6100,5500,43000,0.0702
4/25/2022,5700,6400,6400,5600,118400,-0.0806
4/22/2022,6200,5800,6200,5800,130000,0.0877
4/21/2022,5700,6300,6300,5700,240810,-0.0952
4/20/2022,6300,6700,6900,6300,134500,-0.1
4/19/2022,7000,7700,7700,7000,164140,-0.0909
4/18/2022,7700,8400,8400,7700,165200,-0.0941
4/15/2022,8500,8500,8500,8000,74220,0
4/14/2022,8500,7800,8500,7800,108500,0.0897
4/13/2022,7800,8200,8400,7500,104800,-0.0488
4/12/2022,8200,8000,8500,8000,168000,0.025
4/8/2022,8000,8800,8900,8000,230900,-0.0909
4/7/2022,8800,8600,8800,8100,180730,0.0233
4/6/2022,8600,9400,9500,8500,332000,-0.0851
4/5/2022,9400,10000,10200,9100,230210,-0.0693
4/4/2022,10100,9900,10800,9100,467530,0.0202
4/1/2022,9900,12100,12100,9900,1220000,-0.1
3/31/2022,11000,11000,11000,10900,399660,0.1
3/30/2022,10000,10000,10000,9600,821040,0.0989
3/29/2022,9100,8600,9100,8600,611240,0.0964
3/28/2022,8300,7600,8300,7500,467300,0.0921
3/25/2022,7600,7600,7700,7500,80900,-0.013
3/24/2022,7700,7700,7700,7500,74430,0
3/23/2022,7700,7900,7900,7600,79300,-0.0253
3/22/2022,7900,7600,8000,7600,95000,0.0395
3/21/2022,7600,7600,7700,7500,91410,0
3/18/2022,7600,7700,7700,7500,49100,-0.013
3/17/2022,7700,7500,7700,7500,108400,0.0267
3/16/2022,7500,7400,7600,7300,72100,0.0135
3/15/2022,7400,7300,7500,7100,33000,0.0137
3/14/2022,7300,7700,7700,7300,58810,-0.0519
3/11/2022,7700,7500,7900,7500,219000,0.0267
3/10/2022,7500,7300,7800,7300,173600,0.0274
3/9/2022,7300,7300,7400,7000,69410,0
3/8/2022,7300,7400,7400,7200,73710,-0.0267
3/7/2022,7500,7100,7500,7000,221000,0.0563
3/4/2022,7100,6900,7100,6900,47730,0.029
3/3/2022,6900,6900,7000,6700,84320,0.0147
3/2/2022,6800,7000,7000,6800,77500,-0.0286
3/1/2022,7000,6800,7000,6700,35600,0.0294
2/28/2022,6800,6900,6900,6700,59520,-0.0145
2/25/2022,6900,7000,7000,6900,63240,-0.0143
2/24/2022,7000,7500,7500,6800,99430,-0.0278
2/23/2022,7200,7100,7200,7000,38300,0.0141
2/22/2022,7100,7200,7200,7000,69600,-0.0139
2/21/2022,7200,7200,7300,7100,93100,0
2/18/2022,7200,7100,7200,7000,72720,0.0141
2/17/2022,7100,7000,7200,6900,69300,0.0143
2/16/2022,7000,6800,7000,6700,86600,0.0294
2/15/2022,6800,6800,6800,6700,14100,-0.0145
2/14/2022,6900,6900,6900,6700,65700,0
2/11/2022,6900,6800,7000,6800,33900,0
2/10/2022,6900,6900,7100,6700,64400,0
2/9/2022,6900,6800,6900,6600,62400,0.0299
2/8/2022,6700,6700,6800,6600,35300,-0.0147
2/7/2022,6800,6400,6900,6400,43700,0.0625
1/28/2022,6400,6400,6500,6000,57600,0
1/27/2022,6400,6700,6700,6200,72900,-0.0588
1/26/2022,6800,6700,6800,6600,14200,0.0149
1/25/2022,6700,6600,6800,6500,35100,0.0152
1/24/2022,6600,7200,7200,6600,76500,-0.0959
1/21/2022,7300,6700,7300,6700,116000,0.0896
1/20/2022,6700,6100,6700,6100,66600,0.0984
1/19/2022,6100,5900,6300,5800,152500,0.0167
1/18/2022,6000,6400,6600,5900,150310,-0.0625
1/17/2022,6400,7200,7700,6400,236400,-0.0986
1/14/2022,7100,7800,8000,7100,303920,-0.0897
1/13/2022,7800,8500,8600,7800,223700,-0.093
1/12/2022,8600,8600,8900,8000,213900,0
1/11/2022,8600,9400,9500,8600,327100,-0.0851
1/10/2022,9400,9300,10000,8900,463300,0.0108
1/7/2022,9300,8700,9400,8700,255120,0.069
1/6/2022,8700,8400,8900,8300,202400,0.0482
1/5/2022,8300,8600,8600,8300,184900,-0.0349
1/4/2022,8600,8700,8800,8600,202900,-0.0115
12/31/2021,8700,8600,8900,8600,213800,0.0116
12/30/2021,8600,8800,9000,8400,256100,-0.0227
12/29/2021,8800,9200,9200,8400,366100,-0.0222
12/28/2021,9000,9100,9100,8700,242200,-0.011
12/27/2021,9100,8800,9500,8700,423900,0.0341
12/24/2021,8800,8000,8800,8000,798100,0.1
12/23/2021,8000,7500,8100,7500,361200,0.0667
12/22/2021,7500,7400,7600,7100,146900,0.0135
12/21/2021,7400,7500,7700,7400,102800,-0.0133
12/20/2021,7500,7700,7700,7300,114700,0
12/17/2021,7500,7500,7700,7300,195800,0
12/16/2021,7500,7200,7500,7100,98600,0.0274
12/15/2021,7300,7300,7300,7100,90900,0
12/14/2021,7300,7300,7400,7200,138400,0
12/13/2021,7300,7200,7500,7200,129000,0.0139
12/10/2021,7200,7500,7500,7200,159700,-0.027
12/9/2021,7400,7300,7500,7200,61300,0.0137
12/8/2021,7300,7700,7900,7300,90900,-0.0519
12/7/2021,7700,7300,8000,6800,316200,0.0548
12/6/2021,7300,8000,8000,7200,209900,-0.0875
12/3/2021,8000,8200,8900,8000,243600,-0.0123
12/2/2021,8100,7400,8100,7300,744900,0.0946
12/1/2021,7400,7500,7700,7000,155300,-0.0133
11/30/2021,7500,6900,7500,6900,217000,0.087
11/29/2021,6900,6900,7000,6500,225200,-0.0143
11/26/2021,7000,7300,7300,7000,129800,-0.0411
11/25/2021,7300,7300,7300,7000,86600,0
11/24/2021,7300,7000,7700,7000,117800,0.0429
11/23/2021,7000,7100,7100,6500,137000,-0.0278
11/22/2021,7200,7900,8000,7200,349400,-0.0886
11/19/2021,7900,8500,8500,7700,246500,-0.0706
11/18/2021,8500,8300,8500,7900,229820,0.0241
11/17/2021,8300,8000,8300,7400,279200,0.0247
11/16/2021,8100,8100,8900,8100,323200,0
11/15/2021,8100,7400,8100,7200,608110,0.0946
11/12/2021,7400,7000,7700,7000,428500,0.0571
11/11/2021,7000,6700,7200,6600,279700,0.0448
11/10/2021,6700,6700,6700,6500,159410,0
11/9/2021,6700,6600,6700,6500,178710,0.0152
11/8/2021,6600,7000,7000,6400,258950,-0.0571
11/5/2021,7000,7200,7200,6600,100500,0
11/4/2021,7000,7000,7500,6300,308700,0
11/3/2021,7000,7200,7200,6800,1200000,0.0606
11/2/2021,6600,6600,6600,6000,245700,0.1
11/1/2021,6000,5600,6000,5500,590000,0.0909
10/29/2021,5500,5500,5600,5300,298900,-0.0179
10/28/2021,5600,5700,5700,5400,237300,0
10/27/2021,5600,5500,5700,5400,178300,0.0182
10/26/2021,5500,5800,5800,5400,198500,-0.0351
10/25/2021,5700,5600,5800,5500,339600,0.0179
10/22/2021,5600,5700,5800,5300,241040,0
10/21/2021,5600,5300,5800,5300,470510,0.0566
10/20/2021,5300,5200,5300,5100,256100,0.0192
10/19/2021,5200,4900,5300,4900,176650,0.04
10/18/2021,5000,5000,5000,4900,27400,-0.0196
10/15/2021,5100,4800,5100,4700,120100,0.0625
10/14/2021,4800,5000,5100,4800,59290,-0.0204
10/13/2021,4900,4800,5200,4700,54200,0.0208
10/12/2021,4800,4900,4900,4700,30700,-0.0204
10/11/2021,4900,4900,4900,4700,89320,0
10/8/2021,4900,5000,5100,4800,25100,-0.02
10/7/2021,5000,4800,5200,4700,66000,0.0417
10/6/2021,4800,4600,4800,4500,116500,0.0213
10/5/2021,4700,4700,4700,4500,55500,0
10/4/2021,4700,4600,4700,4500,61000,0.0217
10/1/2021,4600,4800,4800,4500,81500,-0.0417
9/30/2021,4800,4900,5000,4600,58000,-0.0204
9/29/2021,4900,4800,5000,4700,55860,0
9/28/2021,4900,4800,5000,4600,108400,0.0208
9/27/2021,4800,5000,5200,4800,157400,-0.0769
9/24/2021,5200,5400,5400,4900,407100,-0.037
9/23/2021,5400,6000,6000,5400,499300,-0.1
9/22/2021,6000,5500,6000,5500,350770,0.0909
9/21/2021,5500,5300,5600,4900,296140,0.0377
9/20/2021,5300,4900,5300,4900,331310,0.0816
9/17/2021,4900,4800,5000,4700,187100,0.0208
9/16/2021,4800,5200,5200,4800,363900,-0.0943
9/15/2021,5300,5700,5700,4900,422610,0.0192
9/14/2021,5200,5000,5200,4900,213230,0.0833
9/13/2021,4800,4400,4800,4300,486000,0.0909
9/10/2021,4400,4300,4500,4200,159000,0.0233
9/9/2021,4300,4000,4400,4000,143120,0.0488
9/8/2021,4100,4200,4200,4000,247100,-0.0465
9/7/2021,4300,4500,4500,4200,164600,-0.0652
9/6/2021,4600,4500,4900,4500,182230,0.0222
9/1/2021,4500,4300,4500,4200,568010,0.0976
8/31/2021,4100,3900,4100,3900,288000,0.0789
8/30/2021,3800,3800,3800,3800,30100,-0.0256
8/27/2021,3900,3800,3900,3800,13900,0
8/26/2021,3900,3800,3900,3700,18500,0
8/25/2021,3900,3700,3900,3700,7500,0
8/24/2021,3900,3700,3900,3700,20500,0.0541
8/23/2021,3700,3900,3900,3700,44310,-0.0513
8/20/2021,3900,3900,4000,3800,73400,0
8/19/2021,3900,4000,4000,3800,22730,-0.025
8/18/2021,4000,3800,4000,3800,50000,0.0256
8/17/2021,3900,4000,4100,3900,39500,-0.025
8/16/2021,4000,3800,4000,3800,76410,0.0811
8/13/2021,3700,3800,3900,3700,34750,0
8/12/2021,3700,3800,3900,3700,42500,-0.0513
8/11/2021,3900,3800,3900,3700,33900,0
8/10/2021,3900,4000,4000,3800,8300,0
8/9/2021,3900,3800,4000,3700,33800,0
8/6/2021,3900,3800,4000,3800,18400,0.0263
8/5/2021,3800,3700,4000,3700,80100,0
8/4/2021,3800,3700,3800,3700,19900,0.027
8/3/2021,3700,3700,3800,3600,6900,0
8/2/2021,3700,3800,3800,3600,51700,-0.0263
7/30/2021,3800,3800,3800,3700,68500,0
7/29/2021,3800,3800,3800,3700,37200,0
7/28/2021,3800,3700,3800,3700,14800,-0.0256
7/27/2021,3900,3800,3900,3700,30500,0.0263
7/26/2021,3800,3700,3800,3700,71900,0.027
7/23/2021,3700,3900,3900,3700,56500,-0.0513
7/22/2021,3900,3900,4000,3800,24800,0.0263
7/21/2021,3800,3900,4000,3800,33700,-0.05
7/20/2021,4000,3800,4000,3600,57060,0.0526
7/19/2021,3800,4100,4100,3700,114900,-0.0732
7/16/2021,4100,4200,4200,3900,85900,-0.0238
7/15/2021,4200,4000,4200,3800,128200,0
7/14/2021,4200,4500,4900,4100,151900,-0.0667
7/13/2021,4500,4200,4500,4200,234200,0.0976
7/12/2021,4100,3900,4100,3900,548300,0.0789
7/9/2021,3800,3500,3800,3400,415400,0.0857
7/8/2021,3500,3600,3600,3500,36400,-0.0278
7/7/2021,3600,3700,3700,3400,132100,-0.027
7/6/2021,3700,3800,3900,3700,69400,-0.0513
7/5/2021,3900,4000,4000,3800,69500,-0.025
7/2/2021,4000,3900,4000,3900,42400,0.0256
7/1/2021,3900,4000,4100,3900,40800,-0.0488
6/30/2021,4100,4000,4200,3800,72100,0.025
6/29/2021,4000,4200,4200,4000,58100,-0.0476
6/28/2021,4200,4200,4200,4000,133200,0
6/25/2021,4200,4100,4300,4100,54400,0.0244
6/24/2021,4100,4100,4200,3900,58700,-0.0238
6/23/2021,4200,4200,4200,4100,28500,0
6/22/2021,4200,4300,4300,4200,25100,-0.0233
6/21/2021,4300,4200,4300,4100,42000,0
6/18/2021,4300,4200,4300,4100,94900,0
6/17/2021,4300,4200,4300,4100,25200,0.0238
6/16/2021,4200,4200,4200,4100,15320,0
6/15/2021,4200,4100,4200,4100,43520,0.0244
6/14/2021,4100,4200,4200,4000,43500,-0.0238
6/11/2021,4200,4300,4300,4100,42000,0
6/10/2021,4200,4200,4300,4200,25400,0
6/9/2021,4200,4200,4300,4100,22200,0
6/8/2021,4200,4300,4400,4200,101200,-0.0233
6/7/2021,4300,4400,4400,4200,53200,0
6/4/2021,4300,4400,4500,4300,92610,0
6/3/2021,4300,4100,4400,4100,137800,0.0488
6/2/2021,4100,4100,4200,4000,50410,0
6/1/2021,4100,4100,4100,4000,74900,-0.0238
5/31/2021,4200,4300,4300,4000,50600,0
5/28/2021,4200,4100,4300,4000,46100,0.0244
5/27/2021,4100,4300,4300,4000,70700,-0.0465
5/26/2021,4300,4300,4300,4200,48520,0
5/25/2021,4300,4300,4400,4200,40100,0
5/24/2021,4300,4300,4300,4200,37810,0
5/21/2021,4300,4300,4300,4100,116400,0
5/20/2021,4300,4300,4400,4200,51600,-0.0227
5/19/2021,4400,4500,4600,4400,85510,-0.0222
5/18/2021,4500,4300,4500,4200,130400,0.0227
5/17/2021,4400,4200,4400,4200,17800,0
5/14/2021,4400,4500,4500,4200,56900,0
5/13/2021,4400,4400,4500,4300,33120,0
5/12/2021,4400,4400,4500,4300,19600,-0.0222
5/11/2021,4500,4400,4500,4200,82240,0.0227
5/10/2021,4400,4400,4500,4200,27700,-0.0222
5/7/2021,4500,4800,4800,4400,154300,-0.0625
5/6/2021,4800,4900,5000,4600,89230,-0.0204
5/5/2021,4900,5000,5100,4800,104600,0
5/4/2021,4900,4500,4900,4100,117150,0.0889
4/29/2021,4500,4200,4500,4200,120100,0.0976
4/28/2021,4100,4600,4600,4100,341200,-0.0889
4/27/2021,4500,5000,5000,4500,180700,-0.1
4/26/2021,5000,5100,5200,4700,46750,-0.0196
4/23/2021,5100,4800,5100,4800,131500,0.0851
4/22/2021,4700,5200,5300,4700,315150,-0.0962
4/20/2021,5200,5800,5800,5200,261400,-0.0877
4/19/2021,5700,5800,5800,5600,49000,-0.0172
4/16/2021,5800,6000,6000,5600,300300,-0.0645
4/15/2021,6200,6200,6400,5800,232100,0
4/14/2021,6200,6100,6300,6000,181230,0
4/13/2021,6200,6600,6700,6000,604410,-0.0606
4/12/2021,6600,6700,6800,6600,225400,-0.0149
4/9/2021,6700,6700,6800,6600,178400,0
4/8/2021,6700,6400,7000,6400,267100,0.0152
4/7/2021,6600,6000,6600,6000,367700,0.1
4/6/2021,6000,6100,6300,5900,194800,-0.0164
4/5/2021,6100,6300,6300,5600,390900,0.0167
4/2/2021,6000,6000,6600,5400,349000,0
4/1/2021,6000,5700,6000,5400,165630,0.0526
3/31/2021,5700,5500,6000,5500,213900,0.0364
3/30/2021,5500,5700,6000,5500,716500,0
3/29/2021,5500,5000,5500,5000,268300,0.1
3/26/2021,5000,5000,5100,4500,205800,0.0417
3/25/2021,4800,4400,4800,4300,366100,0.0909
3/24/2021,4400,4500,4500,4200,119000,0
3/23/2021,4400,4500,4600,4300,180700,0
3/22/2021,4400,4000,4600,4000,257100,0.0233
3/19/2021,4300,4200,4400,4000,191400,0.0238
3/18/2021,4200,4500,4500,4100,143900,-0.0667
3/17/2021,4500,4500,4800,4500,203000,0.0227
3/16/2021,4400,4200,4400,4100,407800,0.1
3/15/2021,4000,3700,4000,3700,257900,0.0811
3/12/2021,3700,4000,4000,3700,263800,-0.0976
3/11/2021,4100,3700,4400,3700,592820,0
3/10/2021,4100,4100,4100,4100,25300,-0.0889
3/9/2021,4500,5500,5500,4500,194000,-0.1
3/8/2021,5000,5000,5000,4900,397900,0.087
3/5/2021,4600,4500,4600,4200,146000,0.0952
3/4/2021,4200,4200,4200,3900,990010,0.0769
3/3/2021,3900,3900,3900,3900,83500,0.0833
3/2/2021,3600,3600,3600,3600,138300,0.0909
3/1/2021,3300,3300,3300,3300,54110,0.1
2/26/2021,3000,2900,3000,2900,140500,0.0714
2/25/2021,2800,2700,2800,2700,124500,0.0769
2/24/2021,2600,2500,2600,2500,162500,0.0833
2/23/2021,2400,2500,2500,2400,36400,-0.0769
2/22/2021,2600,2400,2600,2400,21500,0.0833
2/19/2021,2400,2500,2500,2300,90910,-0.04
2/18/2021,2500,2600,2900,2500,64600,-0.0741
2/17/2021,2700,2500,2700,2400,62600,0.0385
2/9/2021,2600,2400,2600,2300,55000,0.0833
2/8/2021,2400,2300,2400,2200,44300,0.0435
2/5/2021,2300,2300,2300,2300,45500,-0.0417
2/4/2021,2400,2400,2400,2300,56400,0.0909
2/3/2021,2200,2200,2300,2200,75100,0.0476
2/2/2021,2100,2200,2400,2100,85600,-0.087
2/1/2021,2300,2200,2400,2100,91600,0
1/29/2021,2300,2100,2300,2000,96400,0.0455
1/28/2021,2200,2300,2400,2200,125100,-0.0833
1/27/2021,2400,2600,2700,2400,66600,-0.0769
1/26/2021,2600,2800,2800,2600,47000,-0.037
1/25/2021,2700,2800,2800,2700,79700,-0.0357
1/22/2021,2800,3000,3000,2800,113300,-0.0667
1/21/2021,3000,2800,3000,2700,59000,0.0714
1/20/2021,2800,2700,2800,2600,136000,0
1/19/2021,2800,2900,2900,2600,215300,0
1/18/2021,2800,2900,3000,2700,404100,-0.0667
1/15/2021,3000,2900,3000,2900,86900,0.0714
1/14/2021,2800,2600,2800,2500,140300,0.0769
1/13/2021,2600,2400,2600,2300,288500,0.0833
1/12/2021,2400,2300,2400,2200,44500,0.0435
1/11/2021,2300,2300,2300,2200,113400,0
1/8/2021,2300,2200,2300,2200,82500,0
1/7/2021,2300,2300,2300,2100,115500,0.0455
1/6/2021,2200,2300,2400,2200,119900,-0.0435
1/5/2021,2300,2300,2400,2300,302160,0.0455
1/4/2021,2200,2000,2200,2000,115800,0.1
12/31/2020,2000,2000,2000,1900,80700,0
12/30/2020,2000,2000,2200,2000,68500,0
12/29/2020,2000,1900,2000,1900,47100,0.0526
12/28/2020,1900,1900,1900,1800,63600,0.0556
12/25/2020,1800,1800,1900,1800,38000,-0.0526
12/24/2020,1900,2000,2000,1900,11500,-0.05
12/23/2020,2000,2000,2000,1900,68900,0.0526
12/22/2020,1900,2000,2000,1800,47400,0
12/21/2020,1900,2000,2000,1800,21500,0
12/18/2020,1900,1900,1900,1900,52300,0
12/17/2020,1900,1800,1900,1800,68100,0.0556
12/16/2020,1800,1700,1800,1700,46800,0.0588
12/15/2020,1700,1700,1800,1700,41800,0
12/14/2020,1700,1700,1800,1700,12010,0
12/11/2020,1700,1700,1800,1700,23400,-0.0556
12/10/2020,1800,1700,1800,1700,73800,0.0588
12/9/2020,1700,1800,1800,1700,28710,-0.0556
12/8/2020,1800,1700,1800,1700,96400,0.0588
12/7/2020,1700,1800,1800,1700,26700,-0.0556
12/4/2020,1800,1800,1800,1700,6200,0
12/3/2020,1800,1900,1900,1800,47600,0
12/2/2020,1800,1800,1900,1800,11010,0
12/1/2020,1800,1900,1900,1800,68900,0
11/30/2020,1800,1800,1800,1800,132900,0.0588
11/27/2020,1700,1700,1800,1700,2100,0
11/26/2020,1700,1700,1800,1700,4600,-0.0556
11/25/2020,1800,1700,1800,1700,9400,0.0588
11/24/2020,1700,1700,1700,1700,9110,0
11/23/2020,1700,1700,1800,1700,59900,0
11/20/2020,1700,1700,1800,1700,32700,-0.0556
11/19/2020,1800,1800,1800,1800,0.1,0
11/18/2020,1800,1800,1800,1800,0.3,0
11/17/2020,1800,1700,1800,1700,5700,0.0588
11/16/2020,1700,1800,1800,1700,10100,-0.0556
11/13/2020,1800,1800,1800,1700,1600,0
11/12/2020,1800,1800,1800,1700,3600,0
11/11/2020,1800,1800,1800,1700,31900,0.0588
11/10/2020,1700,1700,1800,1700,8000,-0.0556
11/9/2020,1800,1700,1800,1700,8200,0
11/6/2020,1800,1700,1800,1700,3600,0.0588
11/5/2020,1700,1700,1800,1700,15000,-0.0556
11/4/2020,1800,1700,1800,1700,9200,0
11/3/2020,1800,1700,1800,1700,1500,0
11/2/2020,1800,1700,1800,1700,11400,0
10/30/2020,1800,1700,1800,1700,84400,0
10/29/2020,1800,1700,1900,1700,13000,0
10/28/2020,1800,1800,1800,1700,16200,0
10/27/2020,1800,1900,1900,1800,7600,0
10/26/2020,1800,1900,1900,1800,63100,-0.0526
10/23/2020,1900,1900,2000,1800,32200,0
10/22/2020,1900,2000,2000,1900,15100,0
10/21/2020,1900,1900,2000,1900,4000,0
10/20/2020,1900,1900,1900,1900,9200,-0.05
10/19/2020,2000,1900,2000,1900,4400,0.0526
10/16/2020,1900,2000,2000,1900,10200,0
10/15/2020,1900,1900,2000,1900,36100,0
10/14/2020,1900,1900,2000,1800,62600,-0.05
10/13/2020,2000,1900,2000,1900,12900,0
10/12/2020,2000,2100,2100,1900,15100,-0.0476
10/9/2020,2100,2000,2100,2000,6000,0
10/8/2020,2100,2000,2100,1900,15000,0.05
10/7/2020,2000,2100,2100,2000,4800,0
10/6/2020,2000,2000,2100,2000,33500,0
10/5/2020,2000,2000,2100,2000,8070,-0.0476
10/2/2020,2100,2100,2100,2100,24200,0
10/1/2020,2100,2100,2200,2100,39700,0.05
9/30/2020,2000,2000,2000,1900,16800,0.0526
9/29/2020,1900,2200,2200,1900,54800,-0.0952
9/28/2020,2100,2100,2200,2100,103300,-0.087
9/25/2020,2300,2200,2300,2200,1400,0.0952
9/24/2020,2100,2200,2200,2100,18100,-0.0455
9/23/2020,2200,2300,2300,2200,24100,0
9/22/2020,2200,2300,2300,2200,22570,-0.0833
9/21/2020,2400,2400,2500,2400,96510,0.0435
9/18/2020,2300,2200,2300,2100,88010,0.0952
9/17/2020,2100,2100,2200,2000,64900,-0.0455
9/16/2020,2200,2300,2300,2200,59700,-0.0833
9/15/2020,2400,2200,2400,2100,130990,0.0435
9/14/2020,2300,2300,2500,2300,43000,-0.08
9/11/2020,2500,2800,2800,2400,210000,-0.0385
9/10/2020,2600,2600,2600,2500,327700,0.0833
9/9/2020,2400,2400,2400,2400,299600,0.0909
9/8/2020,2200,2200,2200,2100,109590,0.1
9/7/2020,2000,1900,2000,1900,63400,0.0526
9/4/2020,1900,2000,2000,1900,131700,0
9/3/2020,1900,1900,1900,1900,121000,0.0556
9/1/2020,1800,1800,1800,1700,51800,0.0588
8/31/2020,1700,1700,1800,1700,13200,-0.0556
8/28/2020,1800,1800,1800,1700,32300,0.0588
8/27/2020,1700,1700,1700,1700,11000,-0.0556
8/25/2020,1800,1700,1800,1700,1500,0
8/24/2020,1800,1700,1800,1700,15100,0.0588
8/21/2020,1700,1700,1700,1700,0.6,0
8/20/2020,1700,1800,1800,1700,1500,-0.0556
8/19/2020,1800,1700,1800,1700,0.3,0.0588
8/18/2020,1700,1800,1800,1700,5300,-0.0556
8/17/2020,1800,1600,1800,1600,5200,0.0588
8/14/2020,1700,1700,1700,1600,33500,0
8/13/2020,1700,1800,1900,1700,17400,-0.0556
8/12/2020,1800,1800,1800,1800,0.1,0.0588
8/11/2020,1700,1700,1700,1700,3000,-0.0556
8/10/2020,1800,1800,1800,1800,1700,0
8/7/2020,1800,1800,1800,1700,16700,0
8/6/2020,1800,1800,1800,1800,15400,0.0588
8/5/2020,1700,1700,1700,1700,2500,0.0625
8/4/2020,1600,1600,1600,1500,25300,0.0667
8/3/2020,1500,1500,1500,1500,0.1,-0.0625
7/31/2020,1600,1600,1600,1600,12500,0
7/29/2020,1600,1500,1600,1500,11100,0
7/28/2020,1600,1500,1600,1400,40800,0.0667
7/27/2020,1500,1500,1500,1500,12200,-0.0625
7/24/2020,1600,1600,1600,1600,0.3,-0.0588
7/22/2020,1700,1600,1700,1500,10700,0.0625
7/21/2020,1600,1600,1600,1600,20310,-0.0588
7/20/2020,1700,1600,1700,1600,33100,0
7/17/2020,1700,1700,1700,1700,28500,-0.0556
7/16/2020,1800,1700,1800,1700,21000,0
7/14/2020,1800,1800,1800,1800,1200,0
7/13/2020,1800,1800,1800,1700,16200,0
7/10/2020,1800,1700,1800,1700,10100,0
7/9/2020,1800,1700,1800,1700,23100,0
7/8/2020,1800,1900,1900,1800,35600,-0.0526
7/7/2020,1900,1900,1900,1900,10700,0
7/6/2020,1900,1900,1900,1800,40200,-0.05
7/2/2020,2000,1900,2000,1800,13400,0.0526
7/1/2020,1900,2100,2100,1900,52600,-0.0952
6/30/2020,2100,2300,2300,2100,19200,-0.0455
6/29/2020,2200,2300,2300,2200,47100,-0.0833
6/26/2020,2400,2400,2400,2200,60000,0
6/25/2020,2400,2300,2400,2300,80300,0.0909
6/24/2020,2200,2100,2200,2100,71830,0.1
6/23/2020,2000,2000,2000,2000,98800,0.0526
6/22/2020,1900,1800,1900,1800,34200,0.0556
6/19/2020,1800,1800,1800,1700,31300,0
6/18/2020,1800,1800,1800,1800,3800,0
6/17/2020,1800,1700,1800,1600,45600,0.0588
6/16/2020,1700,1800,1900,1700,45500,-0.0556
6/15/2020,1800,1900,1900,1800,12900,-0.0526
6/12/2020,1900,1800,1900,1800,16600,0
6/11/2020,1900,1800,1900,1800,174530,0.0556
6/10/2020,1800,1700,1800,1700,48600,0.0588
6/9/2020,1700,1600,1700,1600,3500,0
6/8/2020,1700,1600,1700,1600,22110,0
6/5/2020,1700,1600,1700,1600,33100,0
6/4/2020,1700,1600,1800,1600,16000,0
6/3/2020,1700,1600,1700,1600,2200,0
6/2/2020,1700,1700,1800,1700,56200,-0.0556
6/1/2020,1800,1700,1800,1600,32700,0.0588
5/29/2020,1700,1700,1800,1700,21800,-0.0556
5/28/2020,1800,1900,1900,1700,31600,0
5/27/2020,1800,1800,1800,1800,38820,0.0588
5/26/2020,1700,1600,1700,1600,10700,0.0625
5/25/2020,1600,1600,1600,1600,49100,0.0667
5/22/2020,1500,1600,1600,1400,67110,0
5/21/2020,1500,1400,1500,1400,23100,0.0714
5/20/2020,1400,1400,1400,1400,7100,0.0769
5/19/2020,1300,1300,1300,1300,9400,0.0833
5/18/2020,1200,1300,1300,1200,70900,-0.0769
5/15/2020,1300,1400,1400,1300,19400,0
5/14/2020,1300,1300,1500,1300,11200,-0.0714
5/13/2020,1400,1400,1400,1400,2000,0
5/12/2020,1400,1400,1400,1400,0.1,0
5/11/2020,1400,1300,1400,1300,15700,0.0769
5/8/2020,1300,1300,1500,1300,15910,-0.0714
5/7/2020,1400,1400,1400,1400,4900,-0.0667
5/5/2020,1500,1400,1500,1400,4100,0
5/4/2020,1500,1500,1500,1500,0.9,-0.0625
4/28/2020,1600,1500,1600,1500,10100,0
4/27/2020,1600,1500,1600,1500,6100,0
4/24/2020,1600,1500,1600,1500,8100,0
4/23/2020,1600,1500,1600,1500,15400,0
4/22/2020,1600,1600,1600,1600,1500,0
4/15/2020,1600,1600,1600,1600,0.1,0
4/14/2020,1600,1600,1600,1600,0.1,0.0667
4/13/2020,1500,1600,1600,1500,1100,-0.0625
4/9/2020,1600,1500,1600,1500,2000,0
4/8/2020,1600,1500,1600,1500,1300,0
4/7/2020,1600,1600,1600,1600,1100,-0.0588
4/6/2020,1700,1700,1700,1700,0.1,-0.0556
3/25/2020,1800,1800,1800,1800,0.2,-0.0526
3/13/2020,1900,1700,1900,1700,1700,0.0556
3/11/2020,1800,1600,1800,1600,10900,0.0588
3/10/2020,1700,1600,1700,1600,2700,0
3/9/2020,1700,1500,1700,1500,21900,0.0625
3/6/2020,1600,1600,1600,1600,81200,-0.0588
3/5/2020,1700,1700,1900,1700,6400,-0.0556
3/4/2020,1800,1800,1800,1800,3100,-0.1
3/3/2020,2000,1900,2000,1900,0.2,0.0526
2/27/2020,1900,1800,1900,1800,4100,0
2/20/2020,1900,1700,1900,1700,27000,0.0556
2/19/2020,1800,1700,1800,1700,0.4,0.0588
2/18/2020,1700,1500,1700,1500,9800,0.0625
2/17/2020,1600,1600,1600,1600,5400,-0.0588
2/14/2020,1700,1700,1700,1700,0.2,-0.0556
2/12/2020,1800,1700,1800,1600,5300,0.0588
2/11/2020,1700,1800,1800,1700,6800,-0.0556
2/10/2020,1800,1800,1800,1800,27400,-0.0526
2/7/2020,1900,1700,1900,1700,15600,0.0556
2/6/2020,1800,1900,1900,1800,10500,-0.0526
2/5/2020,1900,2000,2000,1900,0.7,0
2/4/2020,1900,1700,1900,1700,7000,0.0556
2/3/2020,1800,1800,1800,1600,17100,0.0588
1/31/2020,1700,1700,1700,1700,53100,0.0625
1/17/2020,1600,1800,1800,1600,1200,-0.0588
1/10/2020,1700,1700,1700,1700,8200,-0.0556
1/3/2020,1800,1900,2000,1800,6750,-0.0526
12/27/2019,1900,2000,2000,1800,3420,0
12/20/2019,1900,1900,1900,1800,5000,-0.05
12/13/2019,2000,2200,2200,2000,5400,0
12/6/2019,2000,2000,2000,2000,157800,0.0526
11/29/2019,1900,1900,1900,1900,0.2,0.0556
11/22/2019,1800,1800,1800,1800,4100,0.0588
11/15/2019,1700,1700,1700,1700,0.3,0.0625
11/8/2019,1600,1600,1600,1600,46170,0.0667
11/1/2019,1500,1300,1500,1300,63100,0.0714
10/25/2019,1400,1400,1400,1400,33000,-0.0667
10/18/2019,1500,1500,1500,1500,16100,-0.0625
10/11/2019,1600,1700,1700,1600,24100,-0.0588
10/4/2019,1700,1700,1700,1700,5000,-0.0556
9/27/2019,1800,1800,1800,1800,1300,-0.0526
9/20/2019,1900,2000,2200,1900,43400,-0.05
9/13/2019,2000,2400,2400,2000,14800,-0.0909
9/6/2019,2200,2200,2200,2200,4600,0.1
8/30/2019,2000,2000,2000,2000,1600,0.0526
8/23/2019,1900,1900,1900,1900,2300,0.0556
8/16/2019,1800,1800,1800,1800,35600,0.0588
8/9/2019,1700,1700,1700,1700,123430,0.0625
8/2/2019,1600,1600,1600,1600,3600,0.0667
7/26/2019,1500,1500,1500,1500,62100,0.0714
7/19/2019,1400,1400,1400,1400,44600,0.0769
7/12/2019,1300,1300,1300,1300,310700,0.0833
7/5/2019,1200,1200,1200,1200,72700,0.0909
6/28/2019,1100,1200,1400,1100,156500,0
10/12/2018,1100,1100,1100,1100,11900,-0.0833
10/5/2018,1200,1100,1200,1100,41300,0
9/28/2018,1200,1200,1200,1200,13300,-0.0769
9/21/2018,1300,1300,1300,1300,24400,-0.0714
9/14/2018,1400,1400,1400,1400,11000,-0.0667
9/7/2018,1500,1500,1500,1500,0.2,-0.0625
8/31/2018,1600,1600,1600,1600,2100,-0.0588
8/24/2018,1700,1700,1700,1700,0.1,-0.0556
8/17/2018,1800,1800,1800,1800,0.5,-0.0526
8/10/2018,1900,1900,1900,1900,0.1,-0.0952
7/30/2018,2100,2100,2100,2100,0.1,0.05
7/27/2018,2000,1900,2000,1900,10900,0
7/19/2018,2000,2000,2000,2000,0.5,0
7/18/2018,2000,2000,2000,2000,11500,0
7/17/2018,2000,2000,2000,2000,11500,0
7/16/2018,2000,2000,2000,2000,0.1,0.0526
7/13/2018,1900,1900,1900,1900,10000,0
7/10/2018,1900,1900,1900,1900,15700,0
7/9/2018,1900,1800,2000,1800,15400,0
7/6/2018,1900,1900,1900,1900,0.41,0
7/5/2018,1900,1900,1900,1900,10000,-0.05
7/4/2018,2000,2000,2000,1800,20300,0
7/3/2018,2000,1800,2000,1800,23000,0.0526
7/2/2018,1900,2000,2000,1900,107400,-0.05
6/29/2018,2000,2100,2100,2000,0.6,-0.0909
6/28/2018,2200,2100,2300,2100,1800,0.0476
6/27/2018,2100,2100,2100,2100,2900,-0.087
6/26/2018,2300,2100,2300,2100,5300,0
6/22/2018,2300,2300,2300,2200,0.8,0
6/21/2018,2300,2300,2300,2300,2300,-0.0417
6/20/2018,2400,2400,2400,2400,0.1,0
6/19/2018,2400,2200,2400,2200,0.2,0.0435
6/18/2018,2300,2300,2300,2300,0.1,-0.0417
6/15/2018,2400,2400,2400,2300,4100,0
6/14/2018,2400,2300,2400,2300,19300,0.0435
6/13/2018,2300,2200,2300,2200,29000,0.0952
6/11/2018,2100,2100,2200,2000,4400,-0.0455
6/8/2018,2200,2200,2200,2100,41200,0.1
6/7/2018,2000,2000,2000,2000,49900,0.0526
6/6/2018,1900,2000,2000,1900,1100,0
6/5/2018,1900,1900,1900,1900,0.6,0.0556
6/4/2018,1800,1900,2000,1800,16200,-0.1
5/31/2018,2000,1800,2000,1800,5100,0
5/30/2018,2000,2000,2000,2000,0.7,0
5/29/2018,2000,2000,2000,2000,0.2,0
5/25/2018,2000,2000,2000,2000,0.1,0.0526
5/24/2018,1900,1900,1900,1900,0.1,0.0556
5/23/2018,1800,1800,1900,1800,2200,-0.0526
5/22/2018,1900,1900,2000,1900,14400,0
5/21/2018,1900,1900,1900,1900,10100,0
5/18/2018,1900,1900,1900,1900,1060,-0.0952
5/16/2018,2100,2000,2100,2000,2900,0.05
5/15/2018,2000,1900,2000,1900,3000,0
5/11/2018,2000,1900,2000,1900,1200,0.0526
5/10/2018,1900,1900,1900,1900,3900,-0.05
5/9/2018,2000,2000,2000,2000,0.2,0.0526
5/7/2018,1900,1900,1900,1900,0.1,0
5/2/2018,1900,2000,2000,1900,25100,-0.05
4/27/2018,2000,2000,2000,2000,0.1,0.0526
4/26/2018,1900,2000,2000,1900,2930,-0.0952
4/23/2018,2100,2100,2100,2100,0.3,0
4/20/2018,2100,2000,2100,2000,54100,-0.0455
4/18/2018,2200,2200,2200,2200,0.1,0.0476
4/17/2018,2100,2200,2200,2100,12700,-0.087
4/16/2018,2300,2300,2300,2300,0.1,0.0455
4/12/2018,2200,2300,2300,2200,3900,0
4/11/2018,2200,2200,2300,2200,2700,0.0476
4/10/2018,2100,2200,2200,2100,7300,-0.0455
4/9/2018,2200,2200,2200,2200,2200,-0.0435
4/6/2018,2300,2300,2300,2300,0.13,0.0455
4/5/2018,2200,2200,2200,2200,1000,0
4/4/2018,2200,2200,2300,2200,1200,-0.0435
4/3/2018,2300,2300,2300,2300,0.2,0.0455
4/2/2018,2200,2200,2400,2200,15700,0
3/30/2018,2200,2300,2400,2200,8300,-0.0435
3/29/2018,2300,2200,2300,2200,2700,0.0455
3/28/2018,2200,2200,2200,2200,4200,0.0476
3/27/2018,2100,2200,2300,2100,21800,-0.0455
3/26/2018,2200,2300,2300,2200,7400,0
3/23/2018,2200,2400,2400,2200,11600,-0.0833
3/22/2018,2400,2200,2400,2200,22600,0.0909
3/21/2018,2200,2300,2300,2200,35920,-0.0435
3/20/2018,2300,2300,2300,2200,12500,0
3/19/2018,2300,2300,2400,2200,25310,0
3/16/2018,2300,2400,2400,2200,48400,-0.0417
3/15/2018,2400,2300,2400,2300,10400,0
3/14/2018,2400,2400,2400,2400,53000,0
3/13/2018,2400,2400,2400,2400,20900,-0.04
3/12/2018,2500,2400,2500,2300,56300,0.0417
3/9/2018,2400,2300,2400,2300,83900,0
3/8/2018,2400,2300,2400,2200,85110,0.0435
3/7/2018,2300,2200,2300,2200,28760,0
3/6/2018,2300,2300,2300,2200,31200,0.0455
3/5/2018,2200,2200,2300,2200,39080,-0.0435
3/2/2018,2300,2200,2300,2200,6420,0
3/1/2018,2300,2300,2300,2200,97800,-0.0417
2/28/2018,2400,2300,2400,2300,5700,0
2/27/2018,2400,2300,2400,2300,1400,0
2/26/2018,2400,2500,2500,2300,65910,-0.04
2/23/2018,2500,2500,2500,2300,3700,0
2/22/2018,2500,2500,2500,2400,8300,0.0417
2/21/2018,2400,2500,2500,2400,11060,0.0435
2/13/2018,2300,2400,2500,2300,18970,-0.08
2/12/2018,2500,2200,2500,2200,0.21,0.087
2/9/2018,2300,2200,2300,2100,2000,0.0455
2/8/2018,2200,2600,2600,2200,215300,-0.0833
2/7/2018,2400,2600,2600,2400,191200,-0.0769
2/6/2018,2600,2700,2700,2500,1300,-0.037
2/5/2018,2700,3000,3000,2700,18200,-0.1
2/2/2018,3000,3100,3100,3000,51100,0
2/1/2018,3000,2900,3000,2900,15840,0.0345
1/31/2018,2900,3000,3000,2900,1300,-0.0333
1/30/2018,3000,3000,3000,2900,19100,0
1/29/2018,3000,3100,3200,3000,56500,-0.0323
1/26/2018,3100,3100,3100,3000,59940,0
1/25/2018,3100,3300,3400,3100,79700,-0.0882
1/24/2018,3400,3400,3400,3200,64600,0
1/23/2018,3400,3300,3400,3200,177700,0
1/22/2018,3400,3400,3600,3300,357700,0
1/19/2018,3400,3100,3400,3100,283000,0.0968
1/18/2018,3100,3100,3200,3000,140020,-0.0606
1/17/2018,3300,3200,3400,3100,501740,0
1/16/2018,3300,3100,3400,3000,713040,0.0645
1/15/2018,3100,3100,3100,2900,604100,0.069
1/12/2018,2900,2700,2900,2700,687460,0.0741
1/11/2018,2700,2700,2700,2500,769100,0.08
1/10/2018,2500,2500,2500,2400,290160,0.087
1/9/2018,2300,2100,2300,2100,364610,0.0952
1/8/2018,2100,2100,2200,2000,101200,0
1/5/2018,2100,2100,2200,2000,123700,0
1/4/2018,2100,2100,2200,2000,307300,0
1/3/2018,2100,2200,2200,2000,101610,0
1/2/2018,2100,2100,2200,2000,92900,0
12/29/2017,2100,2100,2200,2100,217900,-0.0455
12/28/2017,2200,2100,2200,2000,305400,0.0476
12/27/2017,2100,2200,2200,2000,200300,-0.0455
12/26/2017,2200,2300,2300,2200,4100,0
12/25/2017,2200,2300,2300,2100,34010,-0.0435
12/22/2017,2300,2300,2400,2200,254700,-0.0417
12/21/2017,2400,2300,2400,2200,64800,0
12/20/2017,2400,2200,2400,2200,79050,0.0435
12/19/2017,2300,2400,2400,2200,52100,-0.0417
12/18/2017,2400,2400,2400,2200,71300,0.0435
12/15/2017,2300,2400,2400,2200,130750,-0.0417
12/14/2017,2400,2400,2400,2200,5400,0.0435
12/13/2017,2300,2300,2400,2300,13000,-0.0417
12/12/2017,2400,2200,2400,2200,99400,0.0435
12/11/2017,2300,2400,2400,2200,104200,-0.0417
12/8/2017,2400,2400,2500,2300,30100,0
12/7/2017,2400,2500,2500,2300,53500,-0.04
12/6/2017,2500,2500,2500,2300,48900,0
12/5/2017,2500,2400,2500,2400,62500,0.0417
12/4/2017,2400,2500,2600,2400,163300,-0.0769
12/1/2017,2600,2600,2600,2400,37000,0
11/30/2017,2600,2700,2700,2500,98900,-0.037
11/29/2017,2700,2600,2700,2500,265400,0
11/28/2017,2700,2600,2700,2500,145100,0
11/27/2017,2700,2600,2700,2600,77800,0
11/24/2017,2700,2700,2800,2600,398700,0
11/23/2017,2700,2500,2700,2500,284400,0.0385
11/22/2017,2600,2500,2600,2500,164000,0
11/21/2017,2600,2500,2700,2400,605300,0.04
11/20/2017,2500,2500,2600,2400,391610,0
11/17/2017,2500,2500,2600,2400,389300,0
11/16/2017,2500,2400,2500,2400,233400,0.087
11/15/2017,2300,2300,2500,2300,233500,-0.0417
11/14/2017,2400,2500,2500,2300,417500,-0.04
11/13/2017,2500,2400,2500,2400,198600,0.0417
11/10/2017,2400,2300,2400,2300,16410,0.0435
11/9/2017,2300,2300,2300,2200,230200,0
11/8/2017,2300,2300,2400,2200,246900,0
11/7/2017,2300,2300,2400,2200,252700,0
11/6/2017,2300,2300,2400,2200,84900,-0.0417
11/3/2017,2400,2300,2400,2200,117400,0.0435
11/2/2017,2300,2500,2500,2300,110200,-0.0417
11/1/2017,2400,2400,2400,2300,207700,0.0435
10/31/2017,2300,2400,2500,2300,126000,-0.0417
10/30/2017,2400,2400,2500,2300,60400,0
10/27/2017,2400,2500,2500,2400,203300,-0.04
10/26/2017,2500,2400,2600,2400,204700,0
10/25/2017,2500,2400,2500,2400,139500,0.0417
10/24/2017,2400,2400,2500,2300,205700,0
10/23/2017,2400,2500,2500,2300,104700,0
10/20/2017,2400,2700,2700,2400,78150,-0.04
10/19/2017,2500,2600,2600,2300,138140,0.0417
10/18/2017,2400,2700,2700,2400,60800,-0.04
10/17/2017,2500,2600,2700,2500,222300,-0.0385
10/16/2017,2600,2600,2600,2500,139800,0.04
10/13/2017,2500,2400,2600,2400,235900,0.0417
10/12/2017,2400,2500,2500,2400,52200,-0.04
10/11/2017,2500,2700,2700,2300,365300,0
10/10/2017,2500,2500,2600,2400,118000,-0.0385
10/9/2017,2600,2600,2700,2500,163700,-0.037
10/6/2017,2700,2900,2900,2500,216100,0
10/5/2017,2700,2900,2900,2600,196900,0
10/4/2017,2700,2900,2900,2600,163800,0
10/3/2017,2700,2800,2800,2500,311700,0
10/2/2017,2700,2700,2800,2600,277290,-0.0357
9/29/2017,2800,3000,3000,2700,171000,-0.0345
9/28/2017,2900,3000,3000,2800,146400,-0.0333
9/27/2017,3000,3100,3100,2700,225300,0.0345
9/26/2017,2900,3300,3300,2900,153200,-0.0333
9/25/2017,3000,3000,3000,2900,238700,0.0345
9/22/2017,2900,3300,3300,2900,158100,-0.0333
9/21/2017,3000,2900,3000,2900,385700,0
9/20/2017,3000,3000,3000,2900,196910,0
9/19/2017,3000,3000,3100,2900,75400,-0.0323
9/18/2017,3100,3000,3100,2900,189100,0.0333
9/15/2017,3000,3100,3100,3000,256500,-0.0323
9/14/2017,3100,3200,3200,3000,145200,0
9/13/2017,3100,3000,3200,3000,147910,0
9/12/2017,3100,3100,3100,3000,294300,-0.0313
9/11/2017,3200,3200,3200,3000,98800,0
9/8/2017,3200,3300,3400,3200,187700,-0.0588
9/7/2017,3400,3100,3400,3000,213200,0.0625
9/6/2017,3200,3100,3300,3000,178200,0.0323
9/5/2017,3100,3100,3300,3000,500700,-0.0606
9/1/2017,3300,3600,3600,3300,835200,-0.0833
8/31/2017,3600,3400,3600,3300,396910,0
8/30/2017,3600,3900,3900,3600,997400,-0.0769
8/29/2017,3900,3700,3900,3600,1090000,0.0263
8/28/2017,3800,3700,3900,3700,915700,0.027
8/25/2017,3700,3700,3700,3500,526500,0
8/24/2017,3700,3300,3700,3200,939700,0.0882
8/23/2017,3400,3500,3500,3200,272700,-0.0286
8/22/2017,3500,3600,3700,3200,442010,0.0294
8/21/2017,3400,3300,3400,3300,1500000,0.0968
8/18/2017,3100,2900,3100,2900,454960,0.069
8/17/2017,2900,3000,3000,2900,130800,-0.0333
8/16/2017,3000,2900,3000,2900,41100,0.0345
8/15/2017,2900,2900,3100,2800,134800,0
8/14/2017,2900,3100,3100,2900,215000,-0.0333
8/11/2017,3000,3300,3300,3000,81300,-0.0909
8/10/2017,3300,3300,3300,3100,405600,-0.0294
8/9/2017,3400,3500,3600,3300,244100,0
8/8/2017,3400,3300,3600,3300,732910,0.0303
8/7/2017,3300,3100,3300,3000,175200,0.0645
8/4/2017,3100,3200,3300,3000,276810,-0.0313
8/3/2017,3200,3000,3400,3000,138200,0.0323
8/2/2017,3100,3200,3200,3100,147300,-0.0313
8/1/2017,3200,3500,3500,3200,215600,-0.0588
7/31/2017,3400,3100,3400,3100,532310,0.0968
7/28/2017,3100,2900,3100,2900,242900,0.069
7/27/2017,2900,2800,3000,2800,154700,0
7/26/2017,2900,2800,2900,2800,19500,0
7/25/2017,2900,2800,2900,2700,36000,0.0741
7/24/2017,2700,2700,2800,2700,34900,-0.0357
7/21/2017,2800,2900,2900,2800,20600,-0.0345
7/20/2017,2900,2900,2900,2800,13700,0
7/19/2017,2900,2900,2900,2900,14300,0
7/18/2017,2900,2900,2900,2800,194700,0
7/17/2017,2900,3000,3000,2900,53500,-0.0333
7/14/2017,3000,2900,3000,2900,70010,0
7/13/2017,3000,3000,3000,3000,0.4,0
7/12/2017,3000,2900,3000,2900,69010,0
7/11/2017,3000,2900,3000,2800,24010,0.0345
7/10/2017,2900,2900,2900,2800,38300,0
7/7/2017,2900,3100,3100,2900,63280,-0.0645
7/6/2017,3100,3000,3100,3000,44410,0
7/5/2017,3100,2900,3100,2800,104800,0.069
7/4/2017,2900,2900,2900,2700,160700,0
7/3/2017,2900,3000,3000,2900,23380,0
6/30/2017,2900,2900,3000,2900,71100,-0.0333
6/29/2017,3000,3000,3000,2900,27100,0
6/28/2017,3000,2900,3000,2900,149500,0
6/27/2017,3000,2900,3000,2800,83000,0
6/26/2017,3000,2900,3000,2900,80800,0
6/23/2017,3000,3000,3000,2900,20700,0
6/22/2017,3000,2800,3000,2800,119200,0.0345
6/21/2017,2900,3100,3100,2800,97000,-0.0645
6/20/2017,3100,2900,3100,2900,29000,0.0333
6/19/2017,3000,3000,3000,2800,101100,0
6/16/2017,3000,3000,3100,3000,47200,0
6/15/2017,3000,3000,3100,2900,47810,0
6/14/2017,3000,3100,3100,3000,39100,-0.0323
6/13/2017,3100,3200,3200,3000,113900,-0.0313
6/12/2017,3200,3000,3200,3000,166080,0.0667
6/9/2017,3000,3200,3200,3000,132900,-0.0323
6/8/2017,3100,3300,3300,3100,56000,-0.0313
6/7/2017,3200,3200,3400,3200,197000,0
6/6/2017,3200,3200,3300,3100,119600,0.0323
6/5/2017,3100,3200,3200,3100,54200,0
6/2/2017,3100,3200,3300,3100,140970,-0.0313
6/1/2017,3200,3200,3200,3000,125600,0
5/31/2017,3200,3300,3300,3100,127400,-0.0303
5/30/2017,3300,3300,3300,3000,166400,0
5/29/2017,3300,3300,3400,3200,150000,-0.0294
5/26/2017,3400,3500,3500,3300,78900,0
5/25/2017,3400,3200,3600,3200,563700,0.0303
5/24/2017,3300,3200,3300,3100,439610,0
5/23/2017,3300,3200,3400,3100,436300,0.0313
5/22/2017,3200,3200,3400,3200,990600,-0.0588
5/19/2017,3400,3500,3500,3200,976510,-0.0286
5/18/2017,3500,3400,3500,3300,761810,0
5/17/2017,3500,3500,3500,3300,740010,0.0294
5/16/2017,3400,3500,3700,3200,2210000,0
5/15/2017,3400,3200,3400,3200,1360000,0.0968
5/12/2017,3100,3000,3100,3000,790400,0.069
5/11/2017,2900,2700,2900,2700,720400,0.0741
5/10/2017,2700,2800,2800,2700,308400,-0.0357
5/9/2017,2800,2700,2800,2700,293900,0.037
5/8/2017,2700,2800,2800,2700,286900,-0.0357
5/5/2017,2800,2700,2800,2600,361200,0.037
5/4/2017,2700,2700,2700,2600,347500,0
5/3/2017,2700,2700,2700,2600,426300,0
4/28/2017,2700,2600,2800,2600,394900,0
4/27/2017,2700,2600,2700,2600,225500,0.0385
4/26/2017,2600,2600,2700,2600,149000,0
4/25/2017,2600,2600,2700,2600,114200,0
4/24/2017,2600,2600,2800,2500,255410,0
4/21/2017,2600,2700,2700,2600,591900,-0.0714
4/20/2017,2800,2900,2900,2800,576810,-0.0345
4/19/2017,2900,2700,2900,2600,581300,0.0741
4/18/2017,2700,2600,2700,2500,334000,0.0385
4/17/2017,2600,2500,2700,2500,531220,0.04
4/14/2017,2500,2500,2600,2400,746410,0.0417
4/13/2017,2400,2500,2600,2300,676600,-0.04
4/12/2017,2500,2700,2700,2500,438300,-0.0741
4/11/2017,2700,2700,2800,2600,453000,0
4/10/2017,2700,2800,2900,2700,417330,0
4/7/2017,2700,2800,2900,2700,581900,-0.069
4/5/2017,2900,2900,2900,2700,271600,0.0357
4/4/2017,2800,2900,3000,2800,306510,0
4/3/2017,2800,2800,2900,2800,582200,-0.0345
3/31/2017,2900,2800,2900,2800,453400,0.0357
3/30/2017,2800,3000,3000,2800,272600,-0.0667
3/29/2017,3000,2800,3000,2800,598300,0.0714
3/28/2017,2800,3000,3100,2800,608910,-0.0968
3/27/2017,3100,3400,3400,3100,2040000,-0.0882
3/24/2017,3400,3300,3500,3200,816100,0.0303
3/23/2017,3300,3200,3400,3100,866830,0.0313
3/22/2017,3200,3100,3400,3100,2070000,0.0323
3/21/2017,3100,3100,3200,3000,618400,0
3/20/2017,3100,2900,3100,2800,1070000,0.069
3/17/2017,2900,2700,2900,2700,396800,0.0357
3/16/2017,2800,2900,2900,2800,681500,-0.0345
3/15/2017,2900,2900,2900,2700,678900,0
3/14/2017,2900,3000,3000,2800,353500,-0.0333
3/13/2017,3000,3100,3100,2800,650410,-0.0323
3/10/2017,3100,2800,3100,2800,1530000,0.069
3/9/2017,2900,3100,3200,2900,1250000,-0.0645
3/8/2017,3100,3300,3400,3000,1360000,-0.0606
3/7/2017,3300,2700,3300,2700,1570000,0.1
3/6/2017,3000,3000,3200,3000,188400,-0.0909
3/3/2017,3300,3900,3900,3300,6480000,-0.0833
3/2/2017,3600,3600,3600,3600,191800,0.0909
3/1/2017,3300,3300,3300,3300,117100,0.1
2/28/2017,3000,3000,3000,3000,65500,0.0714
2/27/2017,2800,2700,2800,2400,2890000,0.0769
2/24/2017,2600,2500,2600,2400,2430000,0.0833
2/23/2017,2400,2400,2400,2300,1560000,0.0909
2/22/2017,2200,2200,2200,2000,4710000,0.1
2/21/2017,2000,2000,2000,2000,78100,0.0526
2/20/2017,1900,1900,1900,1900,109100,0.0556
2/17/2017,1800,1800,1800,1800,371200,0.0588
2/16/2017,1700,1600,1700,1600,808100,0.0625
2/15/2017,1600,1600,1700,1500,691300,0
2/14/2017,1600,1800,1800,1600,1310000,-0.0588
2/13/2017,1700,1700,1700,1600,669500,0.0625
2/10/2017,1600,1600,1600,1600,914400,0.0667
2/9/2017,1500,1500,1500,1400,439100,0.0714
2/8/2017,1400,1300,1400,1300,862300,0.0769
2/7/2017,1300,1300,1400,1300,101100,0
2/6/2017,1300,1400,1400,1300,171400,-0.0714
2/3/2017,1400,1400,1400,1200,97400,0.0769
2/2/2017,1300,1300,1400,1200,551300,0
1/25/2017,1300,1400,1400,1300,640300,-0.0714
1/24/2017,1400,1500,1500,1400,49800,0
1/23/2017,1400,1400,1500,1400,736200,-0.0667
1/20/2017,1500,1400,1500,1400,40500,0.0714
1/19/2017,1400,1500,1500,1400,67000,-0.0667
1/18/2017,1500,1500,1600,1500,330100,-0.0625
1/17/2017,1600,1600,1600,1500,235300,0
1/16/2017,1600,1500,1600,1500,111800,0.0667
1/13/2017,1500,1400,1500,1400,685200,0.0714
1/12/2017,1400,1400,1500,1400,350300,0
1/11/2017,1400,1500,1500,1400,22000,0
1/10/2017,1400,1400,1500,1400,58600,0
1/9/2017,1400,1500,1500,1400,70300,-0.0667
1/6/2017,1500,1500,1500,1400,81800,0
1/5/2017,1500,1600,1600,1500,357300,-0.0625
1/4/2017,1600,1500,1600,1500,193100,0.0667
1/3/2017,1500,1500,1600,1400,194800,0
12/30/2016,1500,1500,1600,1500,90000,-0.0625
12/29/2016,1600,1500,1600,1400,197200,0.0667
12/28/2016,1500,1500,1600,1400,134200,0
12/27/2016,1500,1500,1600,1400,152500,0
12/26/2016,1500,1600,1600,1500,680900,-0.0625
12/23/2016,1600,1600,1600,1500,125000,0
12/22/2016,1600,1600,1700,1500,227800,0
12/21/2016,1600,1600,1700,1600,354100,-0.0588
12/20/2016,1700,1600,1700,1600,273700,0.0625
12/19/2016,1600,1600,1700,1500,478600,0
12/16/2016,1600,1500,1600,1500,162600,0
12/15/2016,1600,1600,1600,1500,127400,0
12/14/2016,1600,1600,1700,1500,494800,0
12/13/2016,1600,1600,1600,1500,285900,0
12/12/2016,1600,1600,1700,1600,617300,-0.0588
12/9/2016,1700,1600,1700,1600,452600,0
12/8/2016,1700,1700,1700,1600,146800,0
12/7/2016,1700,1700,1800,1600,294600,0
12/6/2016,1700,1800,1800,1600,550900,0
12/5/2016,1700,1600,1700,1600,858900,0.0625
12/2/2016,1600,1700,1800,1600,239500,-0.0588
12/1/2016,1700,1600,1700,1600,580500,0.0625
11/30/2016,1600,1700,1700,1600,101200,-0.0588
11/29/2016,1700,1600,1700,1600,169800,0.0625
11/28/2016,1600,1700,1700,1600,137400,-0.0588
11/25/2016,1700,1700,1800,1600,202900,0
11/24/2016,1700,1800,1800,1700,701300,-0.0556
11/23/2016,1800,1700,1800,1700,364700,0.0588
11/22/2016,1700,1800,1800,1700,275820,0
11/21/2016,1700,1700,1700,1600,574500,0.0625
11/18/2016,1600,1500,1600,1500,406800,0
11/17/2016,1600,1700,1700,1600,511200,-0.0588
11/16/2016,1700,1600,1700,1600,238700,0.0625
11/15/2016,1600,1700,1700,1500,272600,0
11/14/2016,1600,1600,1600,1600,537100,0.0667
11/11/2016,1500,1700,1700,1500,287900,-0.0625
11/10/2016,1600,1600,1700,1600,420500,0
11/9/2016,1600,1600,1600,1500,424000,0
11/8/2016,1600,1600,1700,1600,82800,0
11/7/2016,1600,1700,1700,1600,201700,0
11/4/2016,1600,1600,1600,1600,331900,0.0667
11/3/2016,1500,1700,1700,1500,231500,-0.0625
11/2/2016,1600,1700,1700,1600,356300,-0.0588
11/1/2016,1700,1600,1700,1600,232500,0.0625
10/31/2016,1600,1700,1700,1600,398900,-0.0588
10/28/2016,1700,1700,1800,1600,446600,0
10/27/2016,1700,1800,1800,1700,260000,-0.0556
10/26/2016,1800,1800,1800,1700,546800,0
10/25/2016,1800,1900,1900,1800,762700,-0.0526
10/24/2016,1900,1800,1900,1800,151300,0.0556
10/21/2016,1800,2000,2000,1800,519800,-0.1
10/20/2016,2000,2000,2000,1900,134100,0
10/19/2016,2000,2000,2100,2000,316900,0
10/18/2016,2000,2200,2200,2000,263500,-0.0909
10/17/2016,2200,2100,2200,2000,444420,0.1
10/14/2016,2000,1900,2000,1900,1260000,0.0526
10/13/2016,1900,1900,2000,1900,635600,0
10/12/2016,1900,1800,1900,1800,514200,0.0556
10/11/2016,1800,1900,1900,1800,42200,-0.0526
10/10/2016,1900,2000,2000,1800,531900,0
10/7/2016,1900,2000,2000,1800,193000,0
10/6/2016,1900,1900,1900,1800,512300,0
10/5/2016,1900,1900,2000,1800,637700,0
10/4/2016,1900,1900,2000,1900,120100,-0.05
10/3/2016,2000,2000,2000,1900,207800,0.0526
9/30/2016,1900,2000,2000,1900,232100,-0.05
9/29/2016,2000,2100,2100,2000,149500,-0.0476
9/28/2016,2100,2200,2200,2100,116100,-0.0455
9/27/2016,2200,2300,2300,2100,86000,0
9/26/2016,2200,2300,2300,2200,233000,-0.0435
9/23/2016,2300,2200,2300,2200,97400,0.0455
9/22/2016,2200,2300,2400,2200,165100,-0.0833
9/21/2016,2400,2400,2400,2400,7900,0.0435
9/20/2016,2300,2200,2300,2200,338400,0.0952
9/19/2016,2100,2300,2300,2100,223300,-0.087
9/16/2016,2300,2300,2400,2200,56900,-0.0417
9/15/2016,2400,2400,2400,2200,111200,0
9/14/2016,2400,2500,2500,2300,117700,-0.04
9/13/2016,2500,2400,2600,2400,267500,0.0417
9/12/2016,2400,2300,2500,2300,423200,0.0435
9/9/2016,2300,2400,2400,2300,268700,-0.08
9/8/2016,2500,2500,2600,2400,379200,-0.0385
9/7/2016,2600,2600,2600,2400,268700,0
9/6/2016,2600,2700,2700,2400,388500,0
9/5/2016,2600,2700,2700,2600,61800,0
9/1/2016,2600,2600,2600,2600,130500,-0.037
8/31/2016,2700,2600,2700,2500,102400,0
8/30/2016,2700,2700,2700,2600,143800,0.0385
8/29/2016,2600,2700,2800,2600,86400,-0.037
8/26/2016,2700,2800,2800,2700,82700,-0.0357
8/25/2016,2800,2800,2800,2700,143300,-0.0345
8/24/2016,2900,2800,2900,2800,62300,0.0357
8/23/2016,2800,2800,2900,2700,61600,0
8/22/2016,2800,2800,2800,2700,25200,0.037
8/19/2016,2700,2800,2900,2700,82500,-0.069
8/18/2016,2900,2800,2900,2700,56100,0
8/17/2016,2900,2900,2900,2800,32500,0
8/16/2016,2900,2900,2900,2900,61910,0
8/15/2016,2900,3000,3000,2800,120100,-0.0333
8/12/2016,3000,3200,3200,2900,65600,0
8/11/2016,3000,2900,3000,2900,145300,0.0714
8/10/2016,2800,2600,2800,2600,345620,0.0769
8/9/2016,2600,2600,2700,2500,189100,0
8/8/2016,2600,2700,2800,2600,225000,-0.037
8/5/2016,2700,2800,2900,2700,102000,-0.069
8/4/2016,2900,3000,3000,2700,109800,-0.0333
8/3/2016,3000,3000,3100,2700,194100,0
8/2/2016,3000,3200,3200,2900,153900,-0.0625
8/1/2016,3200,3100,3200,3100,22830,0
7/29/2016,3200,3200,3200,3000,120900,0
7/28/2016,3200,3200,3200,3000,107400,0.0323
7/27/2016,3100,3200,3300,3100,91300,-0.0313
7/26/2016,3200,3300,3400,3200,56500,0
7/25/2016,3200,3100,3300,3100,116700,0
7/22/2016,3200,3400,3400,3100,243700,-0.0588
7/21/2016,3400,3700,3700,3400,134200,-0.0556
7/20/2016,3600,3500,3900,3400,297930,0
7/19/2016,3600,3700,3700,3500,231700,-0.027
7/18/2016,3700,3800,3900,3700,1150000,0.0278
7/15/2016,3600,3300,3600,3300,336800,0.0909
7/14/2016,3300,3100,3400,3100,659600,0.0645
7/13/2016,3100,3000,3200,3000,245300,0.0333
7/12/2016,3000,3400,3400,3000,533600,-0.0909
7/11/2016,3300,3500,3600,3300,383420,-0.0833
7/8/2016,3600,3700,3700,3400,198900,-0.027
7/7/2016,3700,3500,3800,3500,154000,0.0571
7/6/2016,3500,3700,3700,3500,351700,-0.0541
7/5/2016,3700,3800,3800,3600,462000,-0.0263
7/4/2016,3800,3800,3900,3800,65800,0
7/1/2016,3800,3500,3900,3500,386200,0.0556
6/30/2016,3600,3900,4000,3600,217930,-0.1
6/29/2016,4000,4100,4100,3800,219800,-0.0244
6/28/2016,4100,3900,4100,3900,89400,0.025
6/27/2016,4000,4000,4100,3900,71200,0
6/24/2016,4000,4300,4300,3900,541800,-0.0698
6/23/2016,4300,4400,4400,4300,51600,0
6/22/2016,4300,4200,4400,4200,117600,0
6/21/2016,4300,4500,4500,4300,146700,-0.0652
6/20/2016,4600,4500,4600,4400,82200,0.0222
6/17/2016,4500,4800,4800,4500,117700,-0.0625
6/16/2016,4800,4400,4800,4300,648030,0.0909
6/15/2016,4400,4400,4400,4300,162800,0
6/14/2016,4400,4400,4400,4300,205300,-0.0222
6/13/2016,4500,4600,4600,4500,210800,-0.0217
6/10/2016,4600,4500,4700,4400,427500,0.0222
6/9/2016,4500,4500,4500,4400,134800,0
6/8/2016,4500,4400,4600,4400,440800,0.0465
6/7/2016,4300,4400,4600,4300,317500,-0.0227
6/6/2016,4400,4500,4800,4400,323000,-0.0222
6/3/2016,4500,4700,4700,4500,266900,-0.0426
6/2/2016,4700,4600,4800,4500,145900,0.0217
6/1/2016,4600,4500,4800,4300,591300,0.0222
5/31/2016,4500,4900,4900,4500,550600,-0.0816
5/30/2016,4900,5000,5200,4800,598800,0.0208
5/27/2016,4800,4800,4800,4700,664100,0.0909
5/26/2016,4400,4000,4400,4000,264800,0.1
5/25/2016,4000,4100,4200,4000,137600,-0.0244
5/24/2016,4100,4000,4200,3900,250300,0.025
5/23/2016,4000,4100,4200,4000,125400,-0.0244
5/20/2016,4100,4200,4300,4100,131600,-0.0238
5/19/2016,4200,4200,4200,4200,96100,0
5/18/2016,4200,4400,4400,4200,132800,-0.0455
5/17/2016,4400,4100,4500,4100,360900,0.0732
5/16/2016,4100,4200,4300,3900,600800,-0.0465
5/13/2016,4300,4500,4500,4300,221000,-0.0444
5/12/2016,4500,4400,4700,4200,231600,0.0227
5/11/2016,4400,4600,4700,4200,302400,-0.0435
5/10/2016,4600,4500,4700,4200,258900,0.0222
5/9/2016,4500,5100,5200,4500,644800,-0.1
5/6/2016,5000,5300,5300,5000,1160000,0.0204
5/5/2016,4900,4700,4900,4700,491200,0.0889
5/4/2016,4500,4300,4500,4000,1240000,0.0976
4/29/2016,4100,4000,4100,4000,1280000,0.0789
4/28/2016,3800,3500,3800,3400,767800,0.0857
4/27/2016,3500,3500,3600,3400,243000,-0.0278
4/26/2016,3600,3600,3700,3600,317700,-0.0769
4/25/2016,3900,3600,3900,3600,295500,0.0541
4/22/2016,3700,3600,3700,3500,309200,0
4/21/2016,3700,3700,3700,3500,187400,0
4/20/2016,3700,3600,3700,3500,246200,0.0278
4/19/2016,3600,3600,3700,3500,180500,-0.027
4/15/2016,3700,3600,3700,3500,201300,0
4/14/2016,3700,3700,3800,3500,208200,-0.0263
4/13/2016,3800,3900,4100,3500,202900,0
4/12/2016,3800,3800,3900,3700,214200,0
4/11/2016,3800,3700,4000,3600,289200,0.027
4/8/2016,3700,3600,3800,3500,260900,0
4/7/2016,3700,3800,3800,3500,183400,0
4/6/2016,3700,3800,4000,3700,187600,-0.0513
4/5/2016,3900,3800,4000,3800,208700,0
4/4/2016,3900,3900,4000,3800,255500,-0.025
4/1/2016,4000,4000,4100,3900,253500,0
3/31/2016,4000,4000,4100,3900,226900,0
3/30/2016,4000,4100,4200,4000,293700,-0.0244
3/29/2016,4100,3900,4100,3900,254700,0.0789
3/28/2016,3800,3800,3900,3700,219200,0
3/25/2016,3800,3900,3900,3800,191300,-0.0256
3/24/2016,3900,4000,4000,3800,160500,0
3/23/2016,3900,3900,4000,3800,217700,-0.025
3/22/2016,4000,4000,4000,3800,196900,0
3/21/2016,4000,4000,4100,3900,246800,0
3/18/2016,4000,3900,4000,3900,287600,0
3/17/2016,4000,4000,4100,3900,262700,0
3/16/2016,4000,3900,4100,3900,221300,0
3/15/2016,4000,4000,4100,3900,312600,0
3/14/2016,4000,4100,4100,4000,248700,-0.0244
3/11/2016,4100,4100,4200,4000,226800,0
3/10/2016,4100,4100,4200,4000,270900,0
3/9/2016,4100,4200,4300,4100,314000,-0.0238
3/8/2016,4200,3900,4200,3900,243400,0.0769
3/7/2016,3900,4000,4100,3900,192700,-0.025
3/4/2016,4000,4100,4100,4000,233300,0
3/3/2016,4000,4100,4200,4000,159400,-0.0244
3/2/2016,4100,4000,4100,3900,264000,0.025
3/1/2016,4000,4000,4100,3900,200200,-0.0244
2/29/2016,4100,3900,4100,3900,229300,0.0513
2/26/2016,3900,4000,4100,3900,180600,-0.025
2/25/2016,4000,4000,4100,3900,177700,0
2/24/2016,4000,4000,4200,3900,227400,-0.0244
2/23/2016,4100,4200,4200,4000,146100,-0.0465
2/22/2016,4300,4300,4500,4200,172700,0
2/19/2016,4300,4100,4400,4000,198500,0.0488
2/18/2016,4100,4000,4100,3900,154600,0.025
2/17/2016,4000,4000,4000,3800,136300,0.0256
2/16/2016,3900,3900,4000,3800,161900,0
2/15/2016,3900,3900,4000,3800,104100,0
2/5/2016,3900,4000,4100,3900,208300,-0.025
2/4/2016,4000,4100,4200,4000,135700,-0.0244
2/3/2016,4100,4100,4200,4000,137000,-0.0238
2/2/2016,4200,4400,4500,4200,171700,-0.0233
2/1/2016,4300,4200,4400,4100,125200,0.0238
1/29/2016,4200,4000,4300,4000,209100,0.05
1/28/2016,4000,4000,4100,3900,174200,0
1/27/2016,4000,3900,4000,3800,174700,0.0256
1/26/2016,3900,3900,4000,3800,110200,0
1/25/2016,3900,3900,4000,3800,123500,-0.025
1/22/2016,4000,3800,4000,3800,168500,0
1/21/2016,4000,3900,4000,3800,125400,0
1/20/2016,4000,4200,4300,3900,153700,-0.0476
1/19/2016,4200,4400,4400,4000,111900,-0.0455
1/18/2016,4400,4500,4600,4300,83900,-0.0222
1/15/2016,4500,4800,5000,4500,285700,-0.0816
1/14/2016,4900,4900,5100,4800,138200,0
1/13/2016,4900,5200,5200,4900,170200,-0.0392
1/12/2016,5100,5000,5200,4900,131100,0.02
1/11/2016,5000,4900,5200,4700,152800,0.0417
1/8/2016,4800,4500,4800,4300,51000,0.0909
1/7/2016,4400,4600,4600,4300,18300,-0.0638
1/6/2016,4700,4400,4700,4300,24400,0.0444
1/5/2016,4500,4500,4600,4300,17200,0
1/4/2016,4500,4500,4500,4400,3000,0
