Date,Close,Open,High,Low,Vol.,Change %
03-01-17,100082,99213,100319,99213,782840,0.88
04-01-17,100240,100714,100793,100161,791240,0.16
05-01-17,100082,100398,100398,99687,986830,-0.16
06-01-17,99529,100082,100793,99529,1650000,-0.55
09-01-17,99529,100082,100161,99529,1090000,0
10-01-17,99608,99529,99924,99529,1100000,0.08
11-01-17,100319,99766,100477,99687,1010000,0.71
12-01-17,100319,100319,100635,100003,569740,0
13-01-17,100240,100319,100556,99924,735120,-0.08
16-01-17,99924,100319,100398,99845,723160,-0.32
17-01-17,99608,100082,100082,99608,698860,-0.32
18-01-17,99529,99529,99687,98897,1020000,-0.08
19-01-17,99529,99766,99766,99450,1040000,0
20-01-17,100319,99529,101346,99529,1910000,0.79
23-01-17,101109,100319,101978,100319,2190000,0.79
24-01-17,101109,101899,102057,101109,1120000,0
25-01-17,101899,101109,102057,101109,1780000,0.78
02-02-17,105058,102294,105374,101899,2040000,3.1
03-02-17,105769,106559,108139,105453,1930000,0.68
06-02-17,105216,105927,106006,104900,1600000,-0.52
07-02-17,105690,105216,106085,104663,886450,0.45
08-02-17,105769,105690,106164,105453,538620,0.07
09-02-17,105927,106085,106243,105848,976870,0.15
10-02-17,105690,105927,105927,105611,2510000,-0.22
13-02-17,105690,105690,105848,105374,833140,0
14-02-17,104979,105690,105769,104821,807680,-0.67
15-02-17,105058,105058,105216,104900,1030000,0.08
16-02-17,104268,105058,105374,103952,800280,-0.75
17-02-17,102689,104268,104347,102531,1140000,-1.51
20-02-17,102689,102689,103162,102689,581750,0
21-02-17,102926,102689,103716,102136,981200,0.23
22-02-17,103005,102926,103636,102847,708140,0.08
23-02-17,102926,103005,103084,101978,735900,-0.08
24-02-17,104189,102689,104189,102294,1580000,1.23
27-02-17,104110,104268,104742,104110,911710,-0.08
28-02-17,103794,104110,104189,103400,923630,-0.3
01-03-17,103320,103242,104031,103242,704620,-0.46
02-03-17,102452,103320,103320,102452,578450,-0.84
03-03-17,102610,102452,102768,102136,610160,0.15
06-03-17,103400,102452,103478,102294,883910,0.77
07-03-17,102689,102689,103320,102610,533640,-0.69
08-03-17,103162,102689,103952,102689,767230,0.46
09-03-17,103084,103400,103400,103005,491110,-0.08
10-03-17,102610,103084,103162,102610,512830,-0.46
13-03-17,102452,102689,103162,102452,410980,-0.15
14-03-17,103242,102531,103400,102531,587720,0.77
15-03-17,105058,103320,105058,103242,1420000,1.76
16-03-17,105848,105058,106164,105058,1090000,0.75
17-03-17,105848,105927,106322,105532,1240000,0
20-03-17,105769,105216,106480,104584,876310,-0.07
21-03-17,107112,105453,107428,105453,983090,1.27
22-03-17,107902,106875,109561,106875,1770000,0.74
23-03-17,110746,107902,110904,107902,2460000,2.64
24-03-17,111931,111220,112168,111141,1300000,1.07
27-03-17,112168,112878,113589,111773,1280000,0.21
28-03-17,111220,112720,112957,109798,1230000,-0.85
29-03-17,112010,110667,112168,110588,928360,0.71
30-03-17,113747,112010,113747,112010,1410000,1.55
31-03-17,113194,114300,114616,113194,1660000,-0.49
03-04-17,113984,113194,114221,113194,962440,0.7
04-04-17,113747,113984,113984,113431,1280000,-0.21
05-04-17,113273,113352,113747,112562,946600,-0.42
07-04-17,112642,111931,113115,111615,1090000,-0.56
10-04-17,112642,112642,112800,112088,725120,0
11-04-17,113352,112642,113510,112562,558480,0.63
12-04-17,113747,113747,114063,113273,909960,0.35
13-04-17,113036,113352,113668,113036,387560,-0.63
14-04-17,111931,112642,112957,111220,746820,-0.98
17-04-17,112168,111141,112642,111141,1060000,0.21
18-04-17,114063,112246,114221,112168,2280000,1.69
19-04-17,114853,114063,115248,114063,1160000,0.69
20-04-17,114458,114932,114932,114221,513190,-0.34
21-04-17,114300,114458,114774,113905,534440,-0.14
24-04-17,113747,113905,114300,113352,674880,-0.48
25-04-17,113273,113589,113589,112878,567280,-0.42
26-04-17,113668,113273,113668,112562,327190,0.35
27-04-17,115722,113905,115722,113589,1420000,1.81
28-04-17,116907,116117,117381,115880,1700000,1.02
03-05-17,117144,116986,117460,116986,1060000,0.2
04-05-17,118906,117704,119306,117384,1200000,1.5
05-05-17,117384,118105,118745,117384,629280,-1.28
08-05-17,116824,117384,117464,116183,975920,-0.48
09-05-17,115302,116744,116744,114742,1120000,-1.3
10-05-17,115623,114982,116503,114742,772080,0.28
11-05-17,115703,115943,115943,115222,559140,0.07
12-05-17,115943,115703,116343,115382,713680,0.21
15-05-17,115222,116103,116343,114822,984740,-0.62
16-05-17,114902,115302,115623,114902,637520,-0.28
17-05-17,117704,114902,118105,114902,1480000,2.44
18-05-17,116904,115703,117304,115703,696530,-0.68
19-05-17,118425,116904,118505,116664,979540,1.3
22-05-17,120347,118425,120427,118345,1450000,1.62
23-05-17,121308,120347,121708,120347,876220,0.8
24-05-17,121308,121308,121628,120107,842570,0
25-05-17,120107,121308,121308,119866,743420,-0.99
26-05-17,121708,119706,121708,119706,513490,1.33
29-05-17,121468,121708,121948,121228,427500,-0.2
30-05-17,119866,121228,121388,119546,553120,-1.32
31-05-17,119866,120107,121948,119786,1590000,0
01-06-17,121628,120907,121628,120187,716620,1.47
02-06-17,120827,120907,121708,120267,595220,-0.66
05-06-17,123069,120827,124510,120827,898900,1.86
06-06-17,123470,123309,123950,123069,287280,0.33
07-06-17,123309,123710,123790,122509,888500,-0.13
08-06-17,122989,123309,123309,122829,249290,-0.26
09-06-17,123069,123229,123309,122909,395600,0.07
12-06-17,122268,123069,123149,122108,606860,-0.65
13-06-17,121948,122188,122188,121388,763430,-0.26
14-06-17,122909,121948,123069,121868,643200,0.79
15-06-17,123149,122909,123550,122749,497450,0.2
16-06-17,122509,124110,124110,122509,1390000,-0.52
19-06-17,123630,122669,123630,122589,888640,0.92
20-06-17,122509,123630,123630,122268,1070000,-0.91
21-06-17,123149,122188,123149,121308,1100000,0.52
22-06-17,122429,122589,123149,122349,292940,-0.58
23-06-17,122509,122429,122589,122188,413900,0.07
26-06-17,122829,122509,122909,121948,320940,0.26
27-06-17,122909,122829,123069,122749,650680,0.07
28-06-17,124430,122909,124510,122909,1100000,1.24
29-06-17,123950,124510,124831,123950,375260,-0.39
30-06-17,126192,123950,126432,123950,1610000,1.81
03-07-17,125712,126512,126512,125471,674810,-0.38
04-07-17,125311,125632,125632,124991,389220,-0.32
05-07-17,125391,124991,125471,124831,526260,0.06
06-07-17,126112,126112,126672,125471,659760,0.58
07-07-17,123470,126512,126512,123470,1170000,-2.09
10-07-17,121468,123470,123870,121067,1190000,-1.62
11-07-17,122509,121468,122509,121468,621780,0.86
12-07-17,124430,123149,124831,122349,649990,1.57
13-07-17,125151,125712,125712,124911,601010,0.58
14-07-17,124190,125151,125151,124110,828520,-0.77
17-07-17,121628,123309,124110,121388,664000,-2.06
18-07-17,121708,121708,122509,120907,765440,0.07
19-07-17,122509,122509,123630,122268,450980,0.66
20-07-17,121708,121708,122429,121628,873590,-0.65
21-07-17,121308,121067,121708,121067,557930,-0.33
24-07-17,121548,120987,121708,120107,845480,0.2
25-07-17,121548,121308,121708,121067,210200,0
26-07-17,122509,121708,123069,121628,405910,0.79
27-07-17,122429,122509,122509,122268,257060,-0.07
28-07-17,122509,122429,122589,122429,410580,0.07
31-07-17,122188,122509,122509,122108,819550,-0.26
01-08-17,120987,122188,122188,120987,973900,-0.98
02-08-17,122028,120987,122108,120987,1280000,0.86
03-08-17,123309,122669,123550,122509,843370,1.05
04-08-17,123309,123309,123550,123149,349030,0
07-08-17,123069,123309,123309,122509,460920,-0.19
08-08-17,121708,123069,123069,121548,1440000,-1.11
09-08-17,120107,121708,121708,118826,1340000,-1.32
10-08-17,121308,120107,121548,120107,470830,1
11-08-17,121308,121308,121708,120107,829920,0
14-08-17,121470,121713,121713,121145,1110000,0.13
15-08-17,120496,121470,121713,120496,644580,-0.8
16-08-17,119685,120253,120253,118549,512600,-0.67
17-08-17,120740,119685,120983,119279,1010000,0.88
18-08-17,121064,120172,121226,120172,427060,0.27
21-08-17,120821,121145,121145,120821,296920,-0.2
22-08-17,120496,120902,120902,120253,502090,-0.27
23-08-17,120496,120415,120496,119928,483890,0
24-08-17,120334,120172,120496,120172,293340,-0.13
25-08-17,120496,120496,120496,120172,329530,0.13
28-08-17,120334,120496,120496,119847,387940,-0.13
29-08-17,119685,120090,120334,119604,804910,-0.54
30-08-17,120090,119685,120172,119685,618550,0.34
31-08-17,120415,120496,122119,120334,709300,0.27
01-09-17,122930,120821,122930,120821,659800,2.09
05-09-17,123823,122930,123985,122606,1030000,0.73
06-09-17,122525,123661,123661,122281,390500,-1.05
07-09-17,121308,122281,122281,121226,520260,-0.99
08-09-17,120983,120902,121389,120740,364310,-0.27
11-09-17,120415,120983,120983,120253,797100,-0.47
12-09-17,120172,119928,120496,119847,811730,-0.2
13-09-17,120253,120253,120253,120090,1190000,0.07
14-09-17,120334,120090,120415,120090,966830,0.07
15-09-17,120090,120009,120334,119766,1820000,-0.2
18-09-17,120902,119685,121713,119685,666290,0.68
19-09-17,120415,120902,121064,120415,411680,-0.4
20-09-17,120821,120415,121064,120090,440530,0.34
21-09-17,120090,120496,120496,120090,889690,-0.61
22-09-17,119847,120090,120496,119847,424510,-0.2
25-09-17,120090,119847,120090,119441,305230,0.2
26-09-17,120172,120090,120577,119847,405790,0.07
27-09-17,120090,120090,120496,120009,372980,-0.07
28-09-17,120902,120090,120902,120009,528430,0.68
29-09-17,121064,120902,122525,120821,1200000,0.13
02-10-17,120496,120983,121308,120415,356530,-0.47
03-10-17,120009,120577,120577,119847,761950,-0.4
04-10-17,120496,119928,120496,119847,367120,0.41
05-10-17,120902,120577,121389,120334,558970,0.34
06-10-17,120902,121389,121957,120902,1090000,0
09-10-17,120821,120902,121064,120172,175210,-0.07
10-10-17,120496,120253,120740,120253,475210,-0.27
11-10-17,120496,120496,120740,120253,752090,0
12-10-17,120090,120496,120577,120090,477110,-0.34
13-10-17,121226,120090,121226,120090,600050,0.95
16-10-17,120577,121632,121794,120577,818140,-0.54
17-10-17,120983,120577,121064,120496,477620,0.34
18-10-17,120902,120902,121389,120902,462800,-0.07
19-10-17,120740,120902,120902,120496,464540,-0.13
20-10-17,120496,120577,120740,120496,312000,-0.2
23-10-17,120090,120496,120496,119928,707380,-0.34
24-10-17,120902,120009,120902,119766,811460,0.68
25-10-17,122119,120902,122200,120902,1090000,1.01
26-10-17,123174,122200,123255,122200,1170000,0.86
27-10-17,123661,123336,123661,123174,921970,0.4
30-10-17,123255,123823,123823,123012,669010,-0.33
31-10-17,122525,123255,123255,122525,1150000,-0.59
01-11-17,125770,122525,126176,122525,1800000,2.65
02-11-17,126501,125770,128042,125121,1340000,0.58
03-11-17,125933,126501,126582,124553,563760,-0.45
06-11-17,128205,125933,128205,125933,1340000,1.8
07-11-17,128042,128205,128610,127393,673200,-0.13
08-11-17,129990,128042,130314,128042,2920000,1.52
09-11-17,131856,129990,132262,129260,2460000,1.44
10-11-17,141025,131694,141025,131450,11120000,6.95
13-11-17,149707,141999,150275,141188,5390000,6.16
14-11-17,146056,146867,147841,141999,1790000,-2.44
15-11-17,147517,142648,149302,142648,1460000,1
16-11-17,148652,146867,149302,146218,765580,0.77
17-11-17,148652,148652,149220,147841,774660,0
20-11-17,151736,148409,152223,147273,1160000,2.07
21-11-17,153359,151736,158795,151736,1350000,1.07
22-11-17,150032,153196,153359,146056,2200000,-2.17
23-11-17,150032,150032,153359,147760,797950,0
24-11-17,150113,147273,150924,146949,814560,0.05
27-11-17,150113,149302,150519,148571,832040,0
28-11-17,150113,148490,150113,148490,456540,0
29-11-17,150113,149302,150438,149302,557600,0
30-11-17,151492,150113,153764,150032,1290000,0.92
01-12-17,159039,151736,159039,151736,1500000,4.98
04-12-17,164719,159039,166423,159039,1700000,3.57
05-12-17,161473,164719,166342,160662,852080,-1.97
06-12-17,158227,158227,159850,151898,1140000,-2.01
07-12-17,150924,158227,160580,150924,1430000,-4.62
08-12-17,152628,150924,156767,150924,1010000,1.13
11-12-17,154982,152628,157578,152628,1010000,1.54
12-12-17,157822,156604,158146,154170,908420,1.83
13-12-17,158065,157822,158552,156199,783470,0.15
14-12-17,163096,158633,163096,158227,1000000,3.18
15-12-17,159850,163096,163096,158227,2240000,-1.99
18-12-17,166342,163096,166747,160986,1460000,4.06
19-12-17,164719,166342,167072,164719,1300000,-0.98
20-12-17,163907,163096,166098,162284,664930,-0.49
21-12-17,165449,163096,166098,163096,560540,0.94
22-12-17,164638,164719,165530,163907,531490,-0.49
25-12-17,162284,163988,164556,162122,452900,-1.43
26-12-17,164638,162284,164638,161960,498190,1.45
27-12-17,166342,166098,166747,165530,905980,1.03
28-12-17,167731,167568,167976,166750,783560,0.84
29-12-17,170510,166342,173698,166342,1070000,1.66
02-01-18,172881,172472,173208,170510,447310,1.39
03-01-18,174842,174516,175742,173371,668840,1.13
04-01-18,175578,174189,175742,174189,845220,0.42
05-01-18,174516,174924,175742,173698,622630,-0.6
08-01-18,171655,174107,174107,170429,809760,-1.64
09-01-18,169202,171736,173290,168794,972710,-1.43
10-01-18,172472,167731,172472,167731,1080000,1.93
11-01-18,171655,173290,173290,170919,953740,-0.47
12-01-18,171573,171655,172472,171082,702770,-0.05
15-01-18,170429,170837,171246,170020,486190,-0.67
16-01-18,170265,169366,170429,169366,841750,-0.1
17-01-18,164380,169202,170020,163481,1070000,-3.46
18-01-18,168058,163481,168058,163072,1110000,2.24
19-01-18,168058,168712,171164,168058,1310000,0
22-01-18,172962,169202,173044,168385,1240000,2.92
25-01-18,169202,170837,173126,169202,1270000,-2.17
26-01-18,173126,169284,173453,169284,806890,2.32
29-01-18,168794,173126,173290,168794,687880,-2.5
30-01-18,167159,166750,167568,165851,1010000,-0.97
31-01-18,166342,165442,169611,164380,1340000,-0.49
01-02-18,165933,166750,168876,164298,541520,-0.25
02-02-18,169202,164707,169202,164707,812810,1.97
05-02-18,166015,165524,167568,164870,605900,-1.88
06-02-18,161764,156941,165115,154898,1780000,-2.56
07-02-18,163726,166587,166587,163644,609200,1.21
08-02-18,161110,163481,163726,160538,281080,-1.6
09-02-18,156124,155307,156941,152854,1030000,-3.09
12-02-18,156941,154489,156941,154489,1160000,0.52
13-02-18,158168,156941,159394,156941,649980,0.78
21-02-18,166096,161764,166096,158576,779870,5.01
22-02-18,164298,166096,166096,162745,539810,-1.08
23-02-18,165115,165933,166342,162663,578140,0.5
26-02-18,163481,165115,166750,163481,1070000,-0.99
27-02-18,163481,165115,165115,161846,548710,0
28-02-18,160211,162663,163154,160211,1060000,-2
01-03-18,160211,160211,162663,160211,879470,0
02-03-18,162908,160211,163072,159394,495340,1.68
05-03-18,165442,163317,167568,162254,854480,1.56
06-03-18,165115,165442,166342,162827,943490,-0.2
07-03-18,168467,164380,171655,164380,2380000,2.03
08-03-18,170837,169202,171082,169202,710890,1.41
09-03-18,170020,170837,172145,170020,1230000,-0.48
12-03-18,168385,170429,172227,168385,993880,-0.96
13-03-18,171655,168385,172472,168385,1520000,1.94
14-03-18,174107,171655,174924,171001,1360000,1.43
15-03-18,171818,174107,174107,171491,747700,-1.31
16-03-18,174924,172472,174924,170837,2080000,1.81
19-03-18,173290,175333,175333,172063,961540,-0.93
20-03-18,170837,173290,173290,170837,821680,-1.42
21-03-18,170837,170837,172554,170837,1090000,0
22-03-18,170837,173208,173208,170837,574380,0
23-03-18,169202,168467,170020,167649,822260,-0.96
26-03-18,170429,169202,172063,168876,772200,0.73
27-03-18,174107,171655,175496,170837,1990000,2.16
28-03-18,172472,174107,174924,172472,702040,-0.94
29-03-18,169202,172472,172717,169202,910240,-1.9
30-03-18,165933,169202,169202,164380,1840000,-1.93
02-04-18,163235,165524,165851,162254,2120000,-1.63
03-04-18,158331,163481,163889,157432,2420000,-3
04-04-18,163481,158331,163481,158331,1190000,3.25
05-04-18,161274,163481,163481,160048,543250,-1.35
06-04-18,162009,161192,163235,161028,745420,0.46
09-04-18,161682,162663,162827,161028,839100,-0.2
10-04-18,161028,161682,161682,159394,1310000,-0.4
11-04-18,160211,160211,161437,159721,1020000,-0.51
12-04-18,160456,160620,160865,159721,901420,0.15
13-04-18,159966,161028,161028,159802,872530,-0.31
16-04-18,155307,159966,159966,155307,784060,-2.91
17-04-18,150811,153263,154489,148113,1460000,-2.89
18-04-18,153263,151220,153263,150647,907800,1.63
19-04-18,153263,153263,153917,152364,1010000,0
20-04-18,152037,152854,152854,151220,887640,-0.8
23-04-18,149094,151220,151955,148767,764330,-1.94
24-04-18,147133,146315,147950,143945,1760000,-1.32
26-04-18,147950,148686,148686,147133,1150000,0.56
27-04-18,151220,149094,154489,148767,1200000,2.21
02-05-18,150811,152037,152037,150811,743080,-0.27
03-05-18,151220,152854,152854,150402,1050000,0.27
04-05-18,150402,151056,151220,150157,882880,-0.54
07-05-18,155307,151220,155715,150811,926170,3.26
08-05-18,151301,155715,155715,151301,617080,-2.58
09-05-18,151220,151220,152037,150402,666310,-0.05
10-05-18,147133,152037,152037,146315,541210,-2.7
11-05-18,145498,147133,147950,144680,1210000,-1.11
14-05-18,145498,146315,147133,143863,690000,0
15-05-18,143863,147133,147541,143863,1490000,-1.12
16-05-18,138223,143863,144762,138223,1970000,-3.92
17-05-18,134872,138141,138550,134872,1230000,-2.42
18-05-18,139858,135689,139858,135362,1380000,3.7
21-05-18,135689,140593,140593,134953,1250000,-2.98
22-05-18,132419,134872,135689,130784,1420000,-2.41
23-05-18,136752,130866,138550,130866,1170000,3.27
24-05-18,137324,138141,138468,136343,968750,0.42
25-05-18,135689,136506,137324,135689,615430,-1.19
28-05-18,134872,134872,135280,132419,557800,-0.6
29-05-18,137814,133645,138550,132419,843740,2.18
30-05-18,135280,137324,137406,134953,590300,-1.84
31-05-18,134218,135280,135689,133645,2680000,-0.79
01-06-18,137487,135689,138305,135280,1260000,2.44
04-06-18,143046,138958,143209,138141,1160000,4.04
05-06-18,145931,144282,148322,143046,1050000,2.02
06-06-18,144282,145931,145931,143046,556460,-1.13
07-06-18,146178,144942,146673,144859,482280,1.31
08-06-18,145931,144365,145931,144365,606620,-0.17
11-06-18,148487,145931,150054,145519,865260,1.75
12-06-18,149229,147580,149229,146756,1050000,0.5
13-06-18,149229,149229,149229,147910,566960,0
14-06-18,148404,148487,149229,147333,921300,-0.55
15-06-18,148404,147250,148817,146756,1340000,0
18-06-18,142386,146838,148240,142386,427580,-4.06
19-06-18,137109,141809,141809,136120,1290000,-3.71
20-06-18,139170,136862,139995,136697,683870,1.5
21-06-18,140160,139170,140572,138511,457670,0.71
22-06-18,146756,138923,147168,138923,1350000,4.71
25-06-18,147745,150054,150054,147168,764780,0.67
26-06-18,145024,145519,146756,143458,300290,-1.84
27-06-18,144282,143952,145024,143952,384120,-0.51
28-06-18,140160,143458,143952,139335,897790,-2.86
29-06-18,140160,140160,142221,140160,1400000,0
02-07-18,140984,140160,140984,139335,1170000,0.59
03-07-18,140160,140160,140242,139335,1270000,-0.58
04-07-18,137686,140160,140160,137686,1030000,-1.77
05-07-18,136038,137686,138511,135213,1060000,-1.2
06-07-18,136862,135213,140160,135213,538820,0.61
09-07-18,137686,139253,139748,137522,384640,0.6
10-07-18,137686,137686,139253,137686,842160,0
11-07-18,137686,137686,138923,136862,875540,0
12-07-18,138758,137686,139170,137686,190240,0.78
13-07-18,137109,138758,139170,136697,461230,-1.19
16-07-18,138511,137851,138758,136697,668950,1.02
17-07-18,138428,137274,138511,137192,706100,-0.06
18-07-18,139335,138511,139335,138099,604660,0.66
19-07-18,140572,142633,142633,139335,1160000,0.89
20-07-18,139748,140819,140819,139500,744840,-0.59
23-07-18,140160,139335,141644,138676,822360,0.29
24-07-18,140077,139995,140984,139583,679340,-0.06
25-07-18,140077,140160,140490,140077,512460,0
26-07-18,141396,140077,141396,139335,623570,0.94
27-07-18,139170,140984,141396,139006,348820,-1.57
30-07-18,138923,139335,140077,138346,543820,-0.18
31-07-18,138676,138511,139335,137686,761060,-0.18
01-08-18,137604,138511,138676,137357,821720,-0.77
02-08-18,136038,137109,137604,133317,1910000,-1.14
03-08-18,133234,135790,135790,132987,1480000,-2.06
06-08-18,131833,133564,133564,131503,1490000,-1.05
07-08-18,126144,131915,131915,126144,2800000,-4.32
08-08-18,128205,125319,129030,125319,1520000,1.63
09-08-18,129442,130266,131750,128617,924250,0.96
10-08-18,129607,129442,130101,128617,1090000,0.13
13-08-18,128700,129442,129442,128123,1490000,-0.7
14-08-18,130349,131091,131833,130101,1190000,1.28
15-08-18,130678,130678,132245,130431,1300000,0.25
16-08-18,130761,130266,130761,128288,1250000,0.06
17-08-18,130678,131091,131503,130678,490720,-0.06
20-08-18,131998,131091,133482,130761,1550000,1.01
21-08-18,134389,132492,134389,132162,797090,1.81
22-08-18,134389,135048,135131,133482,768010,0
23-08-18,134636,134389,134636,133976,492340,0.18
24-08-18,133729,134636,134636,133729,543610,-0.67
27-08-18,132162,134389,134389,131915,1370000,-1.17
28-08-18,131338,131998,132080,131091,1270000,-0.62
29-08-18,129936,131503,131585,129359,1350000,-1.07
30-08-18,129030,129936,130019,128205,1080000,-0.7
31-08-18,129194,129442,130926,129194,871330,0.13
04-09-18,129194,130101,130101,129112,828940,0
05-09-18,97419,100913,100913,97187,1500000,-24.59
06-09-18,94780,97419,98118,94703,1480000,-2.71
07-09-18,98661,94703,99050,94703,1060000,4.09
10-09-18,99050,98972,99671,98817,724640,0.39
11-09-18,102465,98972,102776,98972,1840000,3.45
12-09-18,102776,103241,104639,102620,1610000,0.3
13-09-18,102543,102465,102853,101534,786200,-0.23
14-09-18,103241,102543,104018,102543,1160000,0.68
17-09-18,105570,104018,105570,103474,1380000,2.26
18-09-18,107123,105648,107744,104949,1570000,1.47
19-09-18,106967,107123,107278,106269,1120000,-0.15
20-09-18,105570,106502,106579,105570,925820,-1.31
21-09-18,106967,105570,106967,104716,2210000,1.32
24-09-18,106346,106967,106967,105725,767660,-0.58
25-09-18,106269,106346,106424,105725,576180,-0.07
26-09-18,105958,106269,106269,105803,501740,-0.29
27-09-18,107511,106346,108675,106191,1180000,1.47
28-09-18,106579,107511,107821,106579,624020,-0.87
01-10-18,105803,106191,106346,105570,617780,-0.73
02-10-18,106346,104794,106812,104794,697610,0.51
03-10-18,106269,106346,106424,105958,841540,-0.07
04-10-18,106269,106269,106346,105492,365540,0
05-10-18,104949,105570,105648,104794,623020,-1.24
08-10-18,103241,104095,104561,103241,680100,-1.63
09-10-18,101611,102620,103241,101534,792760,-1.58
10-10-18,100913,101301,101611,100757,763980,-0.69
11-10-18,98584,95479,100136,95479,1420000,-2.31
12-10-18,99748,98584,99903,96721,1150000,1.18
15-10-18,97575,100136,100136,97497,830620,-2.18
16-10-18,97808,97808,98118,97187,1190000,0.24
17-10-18,98506,98972,98972,98040,533150,0.71
18-10-18,97808,98506,98584,97730,418930,-0.71
19-10-18,98429,97109,98429,96333,1310000,0.63
22-10-18,97652,97808,98429,97652,379740,-0.79
23-10-18,95867,97575,97575,94470,1440000,-1.83
24-10-18,95168,95867,95867,94625,890590,-0.73
25-10-18,93150,93150,93849,90899,1390000,-2.12
26-10-18,94314,94625,94703,93849,771620,1.25
29-10-18,93150,94314,94314,92141,586570,-1.23
30-10-18,91054,93150,93150,91054,642080,-2.25
31-10-18,90123,91054,91598,88881,1290000,-1.02
01-11-18,88725,90821,90821,86552,2070000,-1.55
02-11-18,91986,88725,92219,88725,1920000,3.68
05-11-18,90433,90899,91675,89191,1010000,-1.69
06-11-18,91365,90433,92219,89657,1920000,1.03
07-11-18,92762,91365,93538,91365,1610000,1.53
08-11-18,93150,93771,93926,92762,979070,0.42
09-11-18,90821,91598,92529,90744,873780,-2.5
12-11-18,90821,89502,90821,89346,716330,0
13-11-18,90045,89424,90666,89114,580570,-0.85
14-11-18,91209,90045,91830,89890,809110,1.29
15-11-18,90821,91209,91598,89269,667630,-0.43
16-11-18,89269,90821,91209,89269,679850,-1.71
19-11-18,89579,90045,90278,89191,887340,0.35
20-11-18,90433,89579,90511,89502,858110,0.95
21-11-18,92529,90045,92529,89812,1340000,2.32
22-11-18,93228,92529,93383,92529,1120000,0.76
23-11-18,91598,93072,93072,91209,500320,-1.75
26-11-18,95556,91753,95789,91598,2180000,4.32
27-11-18,98196,96643,98972,95634,2260000,2.76
28-11-18,99360,97808,100136,97808,1600000,1.19
29-11-18,98040,99748,99748,98040,1160000,-1.33
30-11-18,99360,97808,99748,97808,1700000,1.35
03-12-18,103707,99360,104018,99360,1540000,4.38
04-12-18,105958,104018,105958,103707,1200000,2.17
05-12-18,103241,104406,104949,102543,1330000,-2.56
06-12-18,102232,102465,103086,100835,1310000,-0.98
07-12-18,103940,102543,104483,102543,611800,1.67
10-12-18,104794,103940,105958,103629,1200000,0.82
11-12-18,104639,104639,105182,103629,531670,-0.15
12-12-18,104018,104095,104716,103241,938930,-0.59
13-12-18,104794,104018,105570,104018,771730,0.75
14-12-18,104794,104794,105104,104328,312200,0
17-12-18,103940,104794,104794,103940,1250000,-0.81
18-12-18,102232,101301,102465,101301,974220,-1.64
19-12-18,100214,101766,102077,100136,580910,-1.97
20-12-18,97963,100136,100136,97963,647650,-2.25
21-12-18,95091,96721,97031,94780,2280000,-2.93
24-12-18,97497,95479,98196,95479,551080,2.53
25-12-18,96721,96410,96798,95479,419530,-0.8
26-12-18,96255,96721,96721,95091,804620,-0.48
27-12-18,96412,97038,98524,96412,927130,0.16
28-12-18,93907,97038,97977,93907,1220000,-2.6
02-01-19,97038,95081,97038,94690,484280,3.33
03-01-19,96177,97038,97038,95159,539680,-0.89
04-01-19,97820,95864,97820,94690,598160,1.71
07-01-19,102516,99933,102516,98211,1080000,4.8
08-01-19,101733,102829,102829,100716,538020,-0.76
09-01-19,103220,101733,103689,100950,763260,1.46
10-01-19,103063,103220,103298,102437,362040,-0.15
11-01-19,104863,103063,104863,103063,1140000,1.75
14-01-19,105646,104081,105646,104002,733700,0.75
15-01-19,105568,105646,105802,104863,718210,-0.07
16-01-19,104081,104863,105411,103298,674660,-1.41
17-01-19,103455,104081,104394,102985,617840,-0.6
18-01-19,104863,104081,105568,104081,654720,1.36
21-01-19,104707,104941,104941,103533,335260,-0.15
22-01-19,104863,105020,105646,104081,478850,0.15
23-01-19,105255,105568,105646,104707,1230000,0.37
24-01-19,106037,105646,106037,105098,1290000,0.74
25-01-19,106350,106428,106663,106115,976570,0.3
28-01-19,106820,106820,106898,106350,585180,0.44
29-01-19,106820,107211,107211,106037,445210,0
30-01-19,106037,106898,106898,106037,335140,-0.73
31-01-19,105646,106820,106820,104472,974750,-0.37
01-02-19,105646,106272,106272,104081,877720,0
11-02-19,107211,106194,107915,105568,1630000,1.48
12-02-19,107993,107993,108150,107211,1150000,0.73
13-02-19,108228,107993,108307,106585,917380,0.22
14-02-19,109089,108228,109793,107993,1610000,0.8
15-02-19,109715,109559,109793,109167,1090000,0.57
18-02-19,111124,109872,111515,109793,1300000,1.28
19-02-19,111593,111906,112141,111437,2370000,0.42
20-02-19,111906,111906,112298,111750,1180000,0.28
21-02-19,116210,112298,116680,111906,2230000,3.85
22-02-19,116523,116602,116993,116054,977180,0.27
25-02-19,118636,116602,119419,116367,1450000,1.81
26-02-19,114332,117384,118949,113471,968170,-3.63
27-02-19,115584,114489,117384,114489,581530,1.1
28-02-19,110419,116210,116210,110419,1170000,-4.47
01-03-19,110654,112611,112611,110654,1040000,0.21
04-03-19,111828,110732,112611,110732,1050000,1.06
05-03-19,111124,111515,111750,110811,639010,-0.63
06-03-19,110341,111124,111750,108385,853500,-0.7
07-03-19,109324,110576,111124,109167,849600,-0.92
08-03-19,107211,108776,109167,106115,1180000,-1.93
11-03-19,107680,106820,108698,106820,507720,0.44
12-03-19,108776,107993,109167,107993,672430,1.02
13-03-19,108228,109167,109637,108150,739210,-0.5
14-03-19,107367,108776,108776,106976,1110000,-0.8
15-03-19,107211,107367,107993,106820,1500000,-0.15
18-03-19,107993,107993,108463,107602,1090000,0.73
19-03-19,107133,107993,107993,106898,1120000,-0.8
20-03-19,108385,106820,108385,105802,1520000,1.17
21-03-19,106428,108776,109480,106428,1060000,-1.81
22-03-19,106820,106428,107211,106037,631880,0.37
25-03-19,106820,105411,106820,105333,699100,0
26-03-19,106820,106820,107524,106428,821360,0
27-03-19,106820,106898,107367,106663,818400,0
28-03-19,105802,106741,106820,105802,980120,-0.95
29-03-19,105489,105802,106820,105489,1630000,-0.3
01-04-19,108463,106037,108463,105646,956060,2.82
02-04-19,108776,109480,109480,107446,1480000,0.29
03-04-19,108385,108776,108776,107680,820760,-0.36
04-04-19,107993,108307,109402,107993,563680,-0.36
05-04-19,106663,107993,107993,106663,1220000,-1.23
08-04-19,107367,107524,107759,106820,655430,0.66
09-04-19,105959,107915,107915,105646,1380000,-1.31
10-04-19,105881,105646,106820,105646,1050000,-0.07
11-04-19,106115,105881,106585,105881,460620,0.22
12-04-19,106194,106115,106507,105568,821420,0.07
16-04-19,106428,105646,106741,105646,616970,0.22
17-04-19,105646,106741,107133,105568,1040000,-0.73
18-04-19,105802,105646,106037,105568,721490,0.15
19-04-19,104081,106037,106115,103689,719150,-1.63
22-04-19,101420,102516,103298,101107,1700000,-2.56
23-04-19,99385,100246,101342,99151,1170000,-2.01
24-04-19,101342,100011,101342,99698,578990,1.97
25-04-19,101342,101420,101498,100403,497200,0
26-04-19,101576,101576,101968,101185,678290,0.23
02-05-19,101733,101733,102594,101498,884390,0.15
03-05-19,102516,102516,102516,101655,583670,0.77
06-05-19,101029,101968,101968,100168,442690,-1.45
07-05-19,101342,101655,101733,101107,868160,0.31
08-05-19,100168,100246,101029,100168,754600,-1.16
09-05-19,100324,100559,101029,100168,345220,0.16
10-05-19,101811,100559,101811,100559,440030,1.48
13-05-19,104785,101576,104785,101576,1170000,2.92
14-05-19,106037,103455,106741,103455,1320000,1.19
15-05-19,106115,106037,106741,105176,427020,0.07
16-05-19,106741,105881,106741,105646,842560,0.59
17-05-19,106115,106820,106820,106037,522460,-0.59
20-05-19,107602,105646,107680,105411,541080,1.4
21-05-19,104472,107211,107211,104472,914770,-2.91
22-05-19,103376,104863,105646,103220,743240,-1.05
23-05-19,103376,102672,104081,102672,515150,0
24-05-19,102124,102516,104472,102046,918180,-1.21
27-05-19,104863,102516,104863,101655,384070,2.68
28-05-19,103298,104863,105255,103063,730550,-1.49
29-05-19,104002,103611,104628,103142,326080,0.68
30-05-19,102907,103924,104081,102907,651250,-1.05
31-05-19,101342,102829,103142,101342,853670,-1.52
03-06-19,100168,101342,101811,99464,861590,-1.16
04-06-19,100637,100559,100950,100168,567180,0.47
05-06-19,100954,101825,102300,100558,430540,0.31
06-06-19,100162,100954,101192,99687,658380,-0.78
07-06-19,100241,100004,100875,100004,434440,0.08
10-06-19,100479,100558,101192,99687,673510,0.24
11-06-19,99371,100558,100558,99291,678480,-1.1
12-06-19,99133,99133,99608,99054,839860,-0.24
13-06-19,97549,99133,99133,97233,1350000,-1.6
14-06-19,97945,97391,98341,97312,799060,0.41
17-06-19,97945,97945,98024,97233,759280,0
18-06-19,97391,97391,97945,97391,1250000,-0.57
19-06-19,97708,97391,97945,97391,1120000,0.33
20-06-19,97629,97787,97787,97470,1210000,-0.08
21-06-19,99371,97629,99371,97629,3140000,1.78
24-06-19,97470,99687,99687,97470,738110,-1.91
25-06-19,97708,97470,98341,97470,845870,0.24
26-06-19,97787,97470,98104,97391,597280,0.08
27-06-19,97470,97787,98024,97312,962590,-0.32
28-06-19,97391,97391,97549,96203,1100000,-0.08
01-07-19,98975,97391,99054,97391,1190000,1.63
02-07-19,99054,98975,99846,98658,860170,0.08
03-07-19,99766,99133,100004,98816,789440,0.72
04-07-19,99925,99925,100241,99846,736640,0.16
05-07-19,99925,99925,100241,99529,624350,0
08-07-19,98341,99529,99529,98183,1160000,-1.59
09-07-19,98975,98341,98975,97866,1140000,0.64
10-07-19,98975,98975,99371,98816,505130,0
11-07-19,99133,99371,99371,98975,332640,0.16
12-07-19,98183,99133,99212,98183,444880,-0.96
15-07-19,97549,98104,98183,97549,843980,-0.65
16-07-19,98183,98024,98341,97787,615050,0.65
17-07-19,99291,98183,99687,98104,1160000,1.13
18-07-19,98658,98975,99291,98579,849260,-0.64
19-07-19,100479,98658,100637,98658,1660000,1.85
22-07-19,99371,100162,100162,99371,866380,-1.1
23-07-19,99291,99371,99450,98816,917460,-0.08
24-07-19,99450,99766,100479,99133,712560,0.16
25-07-19,99054,98975,99371,98975,823240,-0.4
26-07-19,98579,99212,99687,98579,631330,-0.48
29-07-19,97787,98262,98500,97391,1320000,-0.8
30-07-19,97787,98975,99450,97787,1110000,0
31-07-19,97549,97787,98183,97312,979380,-0.24
01-08-19,98341,97787,98579,97549,603350,0.81
02-08-19,98183,97787,98341,97629,565810,-0.16
05-08-19,96599,97787,98500,96599,1060000,-1.61
06-08-19,95174,95807,95807,94382,1130000,-1.48
07-08-19,95807,95174,96441,95174,878140,0.67
08-08-19,95728,95807,96283,95174,684770,-0.08
09-08-19,95807,95728,96362,95649,871380,0.08
12-08-19,95491,95807,95807,95332,530800,-0.33
13-08-19,93432,95016,95174,93432,1410000,-2.16
14-08-19,93986,94382,94936,93986,812830,0.59
15-08-19,96599,92878,96599,92878,807740,2.78
16-08-19,98262,95807,99529,95412,1290000,1.72
19-08-19,98895,98579,99133,98500,909850,0.64
20-08-19,98500,98895,98895,98262,944420,-0.4
21-08-19,98104,98183,98420,97787,697030,-0.4
22-08-19,98183,98104,98420,98024,630730,0.08
23-08-19,97391,98262,98341,97391,746200,-0.81
26-08-19,95412,96599,96758,95174,1010000,-2.03
27-08-19,94224,96203,96441,94224,1130000,-1.25
28-08-19,94541,95016,95095,94382,626040,0.34
29-08-19,97391,95016,97391,94857,673840,3.01
30-08-19,97391,97391,98341,97153,956510,0
03-09-19,98183,97391,98420,97391,893810,0.81
04-09-19,98024,98183,98183,97074,486960,-0.16
05-09-19,96599,98341,98341,96599,704620,-1.45
06-09-19,97233,96599,97470,96599,379180,0.66
09-09-19,98579,97391,98579,96995,598620,1.38
10-09-19,97945,98420,98420,97629,777470,-0.64
11-09-19,96678,98024,98183,96678,481690,-1.29
12-09-19,96599,96995,97629,96124,721040,-0.08
13-09-19,96678,96758,96995,96203,604240,0.08
16-09-19,97805,97805,97805,96678,725650,1.17
17-09-19,98610,97805,99013,97161,579080,0.82
18-09-19,99576,98208,99737,97966,1170000,0.98
19-09-19,99496,99415,99737,98610,870840,-0.08
20-09-19,98288,99576,99576,98288,1950000,-1.21
23-09-19,100220,99013,100703,98771,1870000,1.97
24-09-19,102152,100220,102716,100059,1610000,1.93
25-09-19,101750,101669,102152,101025,741160,-0.39
26-09-19,104648,102313,104728,101830,1940000,2.85
27-09-19,104728,104648,105533,104165,1420000,0.08
30-09-19,104406,104728,105211,104165,1060000,-0.31
01-10-19,103038,104245,104406,102796,1450000,-1.31
02-10-19,102233,102635,102877,101589,2480000,-0.78
03-10-19,103843,101428,103843,101025,990370,1.57
04-10-19,103521,103923,105372,103440,769850,-0.31
07-10-19,103923,103360,104648,103199,1000000,0.39
08-10-19,103843,103521,104084,103521,644930,-0.08
09-10-19,102233,103682,103682,102072,795780,-1.55
10-10-19,102233,101991,103440,101991,530580,0
11-10-19,103038,102233,103038,102152,757570,0.79
14-10-19,103521,103843,103843,102957,703250,0.47
15-10-19,103279,103440,104245,102796,1400000,-0.23
16-10-19,104970,103279,105372,103279,1590000,1.64
17-10-19,105453,104970,106580,104809,1690000,0.46
18-10-19,106660,105855,107063,105855,1340000,1.14
21-10-19,107546,106660,109075,106177,2410000,0.83
22-10-19,106660,107868,108190,106499,1680000,-0.82
23-10-19,106499,106660,106821,105614,1020000,-0.15
24-10-19,106741,106419,107385,106419,625070,0.23
25-10-19,108270,106741,108270,106660,979870,1.43
28-10-19,107707,108270,108995,107546,670030,-0.52
29-10-19,107948,107626,108592,107546,624340,0.22
30-10-19,106258,108190,108512,105453,1560000,-1.57
31-10-19,104648,106258,106258,103682,3060000,-1.52
01-11-19,106580,104809,107063,104809,1160000,1.85
04-11-19,105694,107063,107063,105131,1690000,-0.83
05-11-19,104004,105694,105694,104004,2250000,-1.6
06-11-19,104728,103843,105050,103440,1420000,0.7
07-11-19,103923,104245,104487,103601,1040000,-0.77
08-11-19,104004,103923,104889,103762,1430000,0.08
11-11-19,104084,104004,104809,103843,774600,0.08
12-11-19,102635,104084,104084,102474,2320000,-1.39
13-11-19,101025,102635,102635,100945,2350000,-1.57
14-11-19,101347,101428,101750,101106,834560,0.32
15-11-19,99013,101428,101428,96598,2860000,-2.3
18-11-19,97242,99013,99335,96920,2010000,-1.79
19-11-19,100140,96920,100140,96920,1290000,2.98
20-11-19,99818,100220,100462,99254,1380000,-0.32
21-11-19,98208,99415,99657,97966,1670000,-1.61
22-11-19,97805,98530,99174,97644,863620,-0.41
25-11-19,98932,98369,99254,97081,816890,1.15
26-11-19,99013,98932,99818,98771,1170000,0.08
27-11-19,98288,99576,99576,98288,440300,-0.73
28-11-19,98288,98288,98449,96920,1330000,0
29-11-19,97805,98208,98530,97564,659810,-0.49
02-12-19,95229,97805,97805,95229,1790000,-2.63
03-12-19,93700,94827,94827,93458,1710000,-1.61
04-12-19,95632,93700,95632,93700,832440,2.06
05-12-19,94827,96356,96356,94827,832980,-0.84
06-12-19,93619,94907,94907,93619,1120000,-1.27
09-12-19,95068,93619,95149,93619,919260,1.55
10-12-19,95149,95068,95551,94585,1020000,0.09
11-12-19,95471,94746,95471,94424,952730,0.34
12-12-19,95954,95793,96195,95712,841660,0.51
13-12-19,94988,96034,96517,94988,677620,-1.01
16-12-19,95551,95390,95632,94746,901540,0.59
17-12-19,94263,95632,95632,94263,995560,-1.35
18-12-19,95471,94505,95793,94424,1680000,1.28
19-12-19,96356,95471,96598,95471,1900000,0.93
20-12-19,96598,96598,96839,96195,2190000,0.25
23-12-19,94988,96598,96598,94988,943320,-1.67
24-12-19,95471,94988,95632,94988,692400,0.51
25-12-19,94988,96195,96195,94746,649430,-0.51
26-12-19,94988,95637,95800,94988,414180,0
27-12-19,95962,94988,96206,94176,460150,1.03
30-12-19,94582,95637,95800,94582,806570,-1.44
31-12-19,94582,96612,96612,94501,465170,0
02-01-20,95719,94988,95962,94582,423240,1.2
03-01-20,96043,95962,96612,95962,750470,0.34
06-01-20,95313,95800,95962,94826,595090,-0.76
07-01-20,96206,95394,96449,95394,551420,0.94
08-01-20,96449,96206,96449,95394,1010000,0.25
09-01-20,96287,96612,97018,96125,748960,-0.17
10-01-20,96531,96287,96774,96125,715540,0.25
13-01-20,95313,96612,96612,95313,495460,-1.26
14-01-20,95637,95313,95881,95069,402220,0.34
15-01-20,95637,95637,95719,95150,818090,0
16-01-20,95962,95637,96206,95150,654110,0.34
17-01-20,96287,95962,96287,95637,450040,0.34
20-01-20,96612,96612,96774,96125,592320,0.34
21-01-20,98235,96612,98966,96287,1020000,1.68
22-01-20,98479,98235,98966,98235,953330,0.25
30-01-20,94663,96612,97261,94338,1840000,-3.87
31-01-20,88087,94501,94663,88087,2300000,-6.95
03-02-20,87925,82404,89711,81998,2750000,-0.18
04-02-20,85246,89224,89305,84515,2240000,-3.05
05-02-20,86545,86382,87438,83865,1850000,1.52
06-02-20,87275,86057,88168,85976,2560000,0.84
07-02-20,89467,87438,89711,87356,1830000,2.51
10-02-20,88493,88493,88818,87113,1090000,-1.09
11-02-20,87032,88493,88493,86869,1060000,-1.65
12-02-20,87032,87681,87681,87032,1010000,0
13-02-20,86788,87032,87275,86545,856270,-0.28
14-02-20,86545,87032,87194,86545,849700,-0.28
17-02-20,87275,86707,87356,86707,748020,0.84
18-02-20,85652,87519,87519,85489,1290000,-1.86
19-02-20,86382,85246,86626,85246,953360,0.85
20-02-20,86382,86869,87275,86301,749540,0
21-02-20,88087,87275,88818,87275,1780000,1.97
24-02-20,86382,86869,87519,86057,1150000,-1.94
25-02-20,87681,86301,88087,86057,1440000,1.5
26-02-20,85246,86626,86626,85246,1620000,-2.78
27-02-20,87194,85246,87194,84271,1040000,2.29
28-02-20,84840,85489,86139,83622,1720000,-2.7
02-03-20,84840,84840,85652,84271,1090000,0
03-03-20,85489,85652,86220,84921,889660,0.76
04-03-20,85083,85489,86057,84840,735360,-0.47
05-03-20,84840,85246,85976,84840,525620,-0.29
06-03-20,84596,84840,85083,84109,797900,-0.29
09-03-20,78751,81186,83216,78751,2830000,-6.91
10-03-20,82566,77939,82648,77939,2110000,4.84
11-03-20,82485,82810,85246,80537,2750000,-0.1
12-03-20,81917,78913,82404,78751,2920000,-0.69
13-03-20,80456,77289,81673,77289,2590000,-1.78
16-03-20,78751,80456,80537,78345,1300000,-2.12
17-03-20,77939,77939,78264,77127,2150000,-1.03
18-03-20,77127,78101,79400,77127,1590000,-1.04
19-03-20,72256,75503,76315,72256,3330000,-6.32
20-03-20,73068,72256,74123,72256,2780000,1.12
23-03-20,67953,72337,72337,67953,2630000,-7
24-03-20,69901,67953,71688,67953,2090000,2.87
25-03-20,74691,73555,74773,73149,3590000,6.85
26-03-20,76315,74935,77127,72093,3070000,2.17
27-03-20,76396,75503,77371,74691,3310000,0.11
30-03-20,74042,73068,75097,72256,1870000,-3.08
31-03-20,73880,75097,75828,73068,1550000,-0.22
01-04-20,76315,73880,76315,73880,1390000,3.3
03-04-20,77127,76721,77533,76315,2320000,1.06
06-04-20,78101,78345,78426,77127,2210000,1.26
07-04-20,79969,78345,80374,77776,2730000,2.39
08-04-20,80374,79563,80374,78345,1090000,0.51
09-04-20,81267,81105,81917,80537,1460000,1.11
10-04-20,80862,81186,81186,79644,1330000,-0.5
13-04-20,80456,80862,81024,79806,1350000,-0.5
14-04-20,80374,80780,80943,80131,1270000,-0.1
15-04-20,80537,80943,80943,80537,1060000,0.2
16-04-20,80618,80618,80780,80293,1390000,0.1
17-04-20,80618,81186,81267,80374,2120000,0
20-04-20,81186,81186,82161,81186,1770000,0.7
21-04-20,78588,81186,81186,77776,2560000,-3.2
22-04-20,79157,78020,79238,77776,1300000,0.72
23-04-20,78020,80050,80050,77858,1730000,-1.44
24-04-20,83460,80618,83460,79157,4350000,6.97
27-04-20,83460,86463,86463,83460,2340000,0
28-04-20,81592,83460,83622,80943,1680000,-2.24
29-04-20,80374,80780,81105,80374,2120000,-1.49
04-05-20,79238,78751,80374,78751,1480000,-1.41
05-05-20,81592,80212,81917,79563,1400000,2.97
06-05-20,82404,81755,82404,80943,1330000,1
07-05-20,83947,82485,84271,82404,1900000,1.87
08-05-20,85246,84840,87356,84434,3820000,1.55
11-05-20,88087,85246,88087,85002,2150000,3.33
12-05-20,92471,88087,92877,87194,3530000,4.98
13-05-20,92309,91903,93364,89305,3010000,-0.18
14-05-20,91741,91416,92471,91335,1680000,-0.62
15-05-20,89954,91741,92146,88818,2780000,-1.95
18-05-20,90198,89954,90766,88493,1080000,0.27
19-05-20,91416,92390,92877,91172,1720000,1.35
20-05-20,92552,91335,92877,91335,1440000,1.24
21-05-20,93364,92552,93364,92146,1900000,0.88
22-05-20,92877,92877,93202,92146,1300000,-0.52
25-05-20,95475,92958,95475,92634,1900000,2.8
26-05-20,95475,95800,95800,93527,1180000,0
27-05-20,93364,95556,95637,93364,1330000,-2.21
28-05-20,93202,93364,94176,93202,1210000,-0.17
29-05-20,93364,92146,93527,92146,1440000,0.17
01-06-20,94257,93445,94988,93445,1260000,0.96
02-06-20,94176,94257,94988,93933,1070000,-0.09
03-06-20,94663,94338,95881,93851,1590000,0.52
04-06-20,95637,94988,95719,94988,882500,1.03
05-06-20,96774,95637,96774,94744,1290000,1.19
08-06-20,99697,96774,100184,96693,1700000,3.02
09-06-20,101483,99940,102295,99940,2050000,1.79
10-06-20,99859,102295,102295,99697,1490000,-1.6
11-06-20,99291,99859,101483,98235,1320000,-0.57
12-06-20,95800,95800,97261,93040,2870000,-3.52
15-06-20,90929,97424,98154,90929,2470000,-5.08
16-06-20,94988,93040,95394,92552,1010000,4.46
17-06-20,93851,94988,95150,93689,616280,-1.2
18-06-20,93527,93851,94663,92634,627790,-0.35
19-06-20,93364,93527,94582,93364,1500000,-0.17
22-06-20,93689,93364,94095,93202,1040000,0.35
23-06-20,94176,94176,94501,93851,1280000,0.52
24-06-20,95069,94501,96125,94501,901150,0.95
25-06-20,94501,94582,94582,93608,687320,-0.6
26-06-20,94095,94663,95069,93689,594900,-0.43
29-06-20,92039,93766,94013,90558,1820000,-2.19
30-06-20,92697,92943,93355,92039,957550,0.71
01-07-20,87375.5,85851.9,87604,85318.7,540020,-5.74
02-07-20,86080.5,87451.7,87527.8,86080.5,864580,-1.48
03-07-20,86918.4,86080.5,86994.6,85928.1,875150,0.97
06-07-20,88746.7,87223.1,88822.9,87070.8,1580000,2.1
07-07-20,88365.8,88746.7,89203.7,88365.8,1230000,-0.43
08-07-20,87984.9,88365.8,88365.8,87984.9,661570,-0.43
09-07-20,88289.6,87984.9,88899,87984.9,1870000,0.35
10-07-20,87832.5,88365.8,88670.5,87832.5,812620,-0.52
13-07-20,87451.7,87832.5,88213.4,87070.8,1130000,-0.43
14-07-20,87756.4,86994.6,87756.4,86766.1,877400,0.35
15-07-20,88365.8,88365.8,89127.6,88365.8,1220000,0.69
16-07-20,89508.5,88899,89508.5,88518.1,1330000,1.29
17-07-20,88975.2,88899,89432.3,88746.7,700210,-0.6
20-07-20,88137.3,88365.8,88899,87984.9,569640,-0.94
21-07-20,88365.8,88137.3,88594.3,87299.3,1940000,0.26
22-07-20,86918.4,87908.7,88365.8,86918.4,1260000,-1.64
23-07-20,86994.6,86994.6,87299.3,86461.4,919800,0.09
24-07-20,84633.1,86994.6,86994.6,83033.4,2780000,-2.71
27-07-20,78767.4,81586,81966.9,78767.4,3060000,-6.93
28-07-20,83719,79224.5,83719,79224.5,1670000,6.29
29-07-20,80748.1,82652.5,82957.2,80367.2,1800000,-3.55
30-07-20,83033.4,82271.6,83414.3,81357.5,1230000,2.83
31-07-20,81509.8,81509.8,83185.7,81128.9,1010000,-1.83
03-08-20,83185.7,82271.6,83795.1,82043.1,1030000,2.06
04-08-20,84785.5,84556.9,84785.5,83719,918200,1.92
05-08-20,85394.9,84937.8,86537.5,83795.1,1070000,0.72
06-08-20,87451.7,85471,88365.8,85394.9,1630000,2.41
07-08-20,87984.9,87604,88365.8,87451.7,1380000,0.61
10-08-20,87223.1,88365.8,88746.7,87223.1,1700000,-0.87
11-08-20,87223.1,87527.8,87604,86842.2,1020000,0
12-08-20,88061.1,87223.1,88289.6,87223.1,1740000,0.96
13-08-20,88670.5,88365.8,88822.9,88289.6,1490000,0.69
14-08-20,88899,88822.9,89889.3,88518.1,1950000,0.26
17-08-20,89127.6,89127.6,89813.2,87832.5,1090000,0.26
18-08-20,88061.1,89127.6,89432.3,88061.1,725480,-1.2
19-08-20,87832.5,88365.8,88365.8,87527.8,1180000,-0.26
20-08-20,87756.4,87832.5,88213.4,87299.3,1510000,-0.09
21-08-20,88061.1,87984.9,88365.8,87680.2,1060000,0.35
24-08-20,88746.7,88746.7,89584.6,88365.8,1830000,0.78
25-08-20,89356.1,89127.6,89813.2,88975.2,2030000,0.69
26-08-20,89203.7,89889.3,90041.7,89051.4,2310000,-0.17
27-08-20,89279.9,89508.5,89813.2,89127.6,959480,0.09
28-08-20,90879.6,89737,91412.9,89279.9,1610000,1.79
31-08-20,92174.7,91641.4,92174.7,91032,1960000,1.43
01-09-20,93850.6,92174.7,93850.6,91565.2,1740000,1.82
03-09-20,94993.2,94079.1,95069.4,94079.1,2420000,1.22
04-09-20,95221.8,94231.5,95221.8,93774.4,2050000,0.24
07-09-20,95983.5,95221.8,97811.8,95145.6,2610000,0.8
08-09-20,94612.3,95907.4,97050,94383.8,2170000,-1.43
09-09-20,94307.6,93317.3,94383.8,92555.5,1950000,-0.32
10-09-20,94993.2,95221.8,95526.5,94764.7,1020000,0.73
11-09-20,94307.6,94612.3,94993.2,94079.1,1150000,-0.72
14-09-20,94612.3,94764.7,95221.8,94460,1430000,0.32
15-09-20,95069.4,94612.3,95145.6,94460,1060000,0.48
16-09-20,94612.3,95221.8,95221.8,94383.8,869410,-0.48
17-09-20,94840.9,94460,95831.2,94460,1650000,0.24
18-09-20,96288.2,94917,96288.2,94612.3,1470000,1.53
21-09-20,99106.8,96288.2,99183,96288.2,3140000,2.93
22-09-20,98725.9,99106.8,99183,97888,1490000,-0.38
23-09-20,98421.2,98954.5,99183,98345,1250000,-0.31
24-09-20,96973.8,97659.4,98192.7,96973.8,1810000,-1.47
25-09-20,97278.5,97354.7,97507.1,97126.2,1210000,0.31
28-09-20,97735.6,97507.1,97964.1,96973.8,2600000,0.47
29-09-20,101136.7,101877.6,104285.6,100025.3,5190000,3.48
30-09-20,100858.8,101877.6,103174.2,100488.4,1430000,-0.27
01-10-20,101229.3,100951.4,101321.9,99932.7,1700000,0.37
02-10-20,100025.3,101414.5,101970.2,98821.3,2860000,-1.19
05-10-20,99377,100025.3,100951.4,99099.1,1430000,-0.65
06-10-20,99099.1,99377,100025.3,98636,2040000,-0.28
07-10-20,100025.3,98913.9,100025.3,98636,2150000,0.93
08-10-20,99006.5,99932.7,99932.7,98913.9,1330000,-1.02
09-10-20,98821.3,99099.1,99191.7,98728.7,980970,-0.19
12-10-20,99099.1,98913.9,99840.1,98728.7,1210000,0.28
13-10-20,99191.7,99099.1,100025.3,99006.5,858550,0.09
14-10-20,99469.6,99191.7,99747.4,98913.9,1300000,0.28
15-10-20,99562.2,99840.1,99932.7,99099.1,1850000,0.09
16-10-20,99469.6,99562.2,100025.3,99006.5,1640000,-0.09
19-10-20,99747.4,99469.6,100303.1,99469.6,1620000,0.28
20-10-20,98358.2,99377,99654.8,98173,2150000,-1.39
21-10-20,98543.4,98636,99006.5,98173,805550,0.19
22-10-20,98821.3,98913.9,98913.9,97339.4,2420000,0.28
23-10-20,101877.6,99562.2,101877.6,99191.7,2950000,3.09
26-10-20,102340.7,102803.8,104193,101877.6,2310000,0.45
27-10-20,101507.1,101877.6,102803.8,101044.1,1720000,-0.81
28-10-20,99469.6,100951.4,100951.4,98636,2610000,-2.01
29-10-20,99006.5,98636,99284.4,97802.5,1720000,-0.47
30-10-20,100025.3,99099.1,100025.3,97524.7,2680000,1.03
02-11-20,99654.8,99099.1,100025.3,99099.1,867340,-0.37
03-11-20,99747.4,99654.8,100025.3,99099.1,870230,0.09
04-11-20,100025.3,100025.3,101321.9,99469.6,1340000,0.28
05-11-20,100766.2,100025.3,101321.9,100025.3,1890000,0.74
06-11-20,100766.2,101136.7,101321.9,100025.3,1010000,0
09-11-20,100766.2,100951.4,101321.9,100488.4,1070000,0
10-11-20,99562.2,101044.1,101136.7,99562.2,2300000,-1.19
11-11-20,99562.2,99932.7,99932.7,98173,2430000,0
12-11-20,99099.1,99562.2,99562.2,98821.3,1070000,-0.47
13-11-20,99469.6,99099.1,99469.6,99099.1,1090000,0.37
16-11-20,99191.7,99562.2,100673.6,99099.1,2570000,-0.28
17-11-20,99654.8,99284.4,99747.4,99099.1,1650000,0.47
18-11-20,101321.9,100025.3,101414.5,99840.1,3400000,1.67
19-11-20,101599.8,101321.9,101599.8,100951.4,3140000,0.27
20-11-20,102711.2,101785,103266.8,101044.1,2800000,1.09
23-11-20,102433.3,102803.8,103081.6,101692.4,2100000,-0.27
24-11-20,101507.1,102433.3,102711.2,100951.4,1940000,-0.9
25-11-20,102340.7,101507.1,102803.8,101044.1,2190000,0.82
26-11-20,101785,102711.2,102711.2,101229.3,1490000,-0.54
27-11-20,101692.4,101785,101785,100673.6,2820000,-0.09
30-11-20,100210.5,101692.4,101877.6,100025.3,2690000,-1.46
01-12-20,101599.8,99377,101692.4,99284.4,2490000,1.39
02-12-20,100951.4,101507.1,101692.4,100673.6,1330000,-0.64
03-12-20,101414.5,100951.4,101785,100766.2,1110000,0.46
04-12-20,100951.4,101414.5,101599.8,100766.2,1570000,-0.46
07-12-20,101877.6,100951.4,102711.2,100766.2,1970000,0.92
08-12-20,101136.7,101970.2,102155.5,100951.4,1470000,-0.73
09-12-20,101599.8,101877.6,101970.2,101229.3,1700000,0.46
10-12-20,103729.9,102155.5,105489.6,102155.5,6080000,2.1
11-12-20,104285.6,103729.9,104470.9,103544.7,2300000,0.54
14-12-20,105026.6,104470.9,105026.6,104100.4,2540000,0.71
15-12-20,102989,104656.1,104933.9,102618.5,4570000,-1.94
16-12-20,103359.5,102989,104007.8,102525.9,2110000,0.36
17-12-20,102248.1,102803.8,102803.8,102155.5,2950000,-1.08
18-12-20,102248.1,102340.7,102803.8,101877.6,3340000,0
21-12-20,102803.8,102248.1,103174.2,102062.8,2340000,0.54
22-12-20,101785,102711.2,102711.2,101692.4,2270000,-0.99
23-12-20,102062.8,101785,103174.2,101785,2430000,0.27
24-12-20,100673.6,102062.8,102340.7,100025.3,2510000,-1.36
25-12-20,100951.4,100766.2,101044.1,100117.9,1760000,0.28
28-12-20,100673.6,101044.1,101599.8,100303.1,2310000,-0.28
29-12-20,101136.7,100951.4,101321.9,100581,1300000,0.46
30-12-20,100766.2,101136.7,102062.8,100581,1860000,-0.37
31-12-20,100766.2,100951.4,101785,100766.2,993810,0
04-01-21,101229.3,101599.8,101692.4,100951.4,2300000,0.46
05-01-21,103566.1,101790.1,104687.7,101322.8,4010000,2.31
06-01-21,102631.3,103753,104033.4,102631.3,2820000,-0.9
07-01-21,103192.2,102818.3,103566.1,102631.3,2450000,0.55
08-01-21,104687.7,104220.4,105529,103659.5,3320000,1.45
11-01-21,108333.1,105155.1,108426.6,105155.1,4600000,3.48
12-01-21,108707,108893.9,109080.9,107865.7,2340000,0.35
13-01-21,107024.5,108707,109548.2,106744.1,2520000,-1.55
14-01-21,105715.9,106931,106931,105248.5,3680000,-1.22
15-01-21,106463.7,106089.8,107772.3,105715.9,2130000,0.71
18-01-21,105902.8,106744.1,107585.3,105902.8,2620000,-0.53
19-01-21,100668.5,105902.8,105902.8,100014.2,3670000,-4.94
20-01-21,101883.6,101696.6,102350.9,99079.4,3360000,1.21
21-01-21,103098.7,102724.8,103472.6,101696.6,2530000,1.19
22-01-21,101603.2,103005.2,103566.1,101603.2,2430000,-1.45
25-01-21,101135.8,101790.1,102537.9,100948.9,2550000,-0.46
26-01-21,99733.7,101042.3,101416.2,98144.7,2600000,-1.39
27-01-21,96555.7,99079.4,99827.2,95808,3150000,-3.19
28-01-21,89825.8,93471.2,95247.1,89825.8,4570000,-6.97
29-01-21,96088.4,89732.3,96088.4,89732.3,4140000,6.97
01-02-21,95994.9,96275.3,98331.7,95340.6,2930000,-0.1
02-02-21,99453.3,95621,100014.2,95621,3350000,3.6
03-02-21,102537.9,99453.3,102537.9,99453.3,3060000,3.1
04-02-21,101696.6,102537.9,102537.9,100014.2,1900000,-0.82
05-02-21,102444.4,101509.7,102818.3,101509.7,2230000,0.74
08-02-21,98425.1,102444.4,102444.4,97023.1,4330000,-3.92
09-02-21,100948.9,98425.1,101790.1,98051.3,1930000,2.56
17-02-21,101603.2,100948.9,101790.1,100294.6,2870000,0.65
18-02-21,101883.6,101603.2,101883.6,100481.5,2850000,0.28
19-02-21,100948.9,100761.9,101229.3,100107.6,2700000,-0.92
22-02-21,100481.5,100388,100761.9,100294.6,3010000,-0.46
23-02-21,100014.2,100481.5,100948.9,99266.4,3050000,-0.47
24-02-21,98892.5,100014.2,100855.4,98612.1,2800000,-1.12
25-02-21,97770.8,98986,99359.9,97397,4280000,-1.13
26-02-21,97957.8,96836.1,98051.3,96649.2,3360000,0.19
01-03-21,98705.6,98612.1,98986,98144.7,2180000,0.76
02-03-21,98051.3,99266.4,99546.8,97210,3050000,-0.66
03-03-21,97677.4,97957.8,98051.3,97210,2550000,-0.38
04-03-21,96649.2,98331.7,98612.1,96275.3,2760000,-1.05
05-03-21,96275.3,96368.8,96368.8,95060.2,4190000,-0.39
08-03-21,95527.5,96649.2,96836.1,95060.2,3210000,-0.78
09-03-21,93938.5,94499.4,94873.2,93658.1,4140000,-1.66
10-03-21,94499.4,93938.5,95808,93284.2,3390000,0.6
11-03-21,96088.4,95808,97023.1,95434.1,2420000,1.68
12-03-21,95527.5,96275.3,96555.7,95060.2,2700000,-0.58
15-03-21,95527.5,96088.4,96275.3,95434.1,2380000,0
16-03-21,94405.9,95527.5,95621,93564.6,4120000,-1.17
17-03-21,93938.5,94405.9,94405.9,93564.6,3570000,-0.5
18-03-21,95808,94405.9,95808,94405.9,2550000,1.99
19-03-21,95060.2,95527.5,95527.5,94779.8,2340000,-0.78
22-03-21,94218.9,95060.2,95153.7,94032,3420000,-0.89
23-03-21,93658.1,94032,94125.5,93190.8,4550000,-0.6
24-03-21,92256,93097.3,93471.2,92069.1,3190000,-1.5
25-03-21,92069.1,92536.5,93190.8,91882.2,3150000,-0.2
26-03-21,91040.9,91601.8,92069.1,90293.2,3650000,-1.12
29-03-21,92536.5,91695.2,93377.7,91414.8,2790000,1.64
30-03-21,92723.4,93097.3,93564.6,92162.6,2590000,0.2
31-03-21,91975.6,92629.9,92629.9,91601.8,2820000,-0.81
01-04-21,94405.9,92069.1,94405.9,91601.8,5590000,2.64
02-04-21,95994.9,95808,97210,95434.1,3840000,1.68
05-04-21,95901.4,97677.4,97677.4,95527.5,2820000,-0.1
06-04-21,94873.2,95901.4,95994.9,94218.9,3450000,-1.07
07-04-21,93564.6,94405.9,94405.9,93471.2,3500000,-1.38
08-04-21,93377.7,93845.1,93938.5,92910.3,3600000,-0.2
09-04-21,93284.2,93377.7,93471.2,92723.4,2720000,-0.1
12-04-21,93471.2,93471.2,93751.6,93003.8,3630000,0.2
13-04-21,93471.2,94218.9,95060.2,93190.8,3800000,0
14-04-21,91186.5,91829.3,91829.3,90819.1,3500000,-2.44
15-04-21,91002.8,91461.9,92288.4,90819.1,3550000,-0.2
16-04-21,88982.6,90543.6,90635.5,88523.4,4880000,-2.22
19-04-21,88247.9,88982.6,89533.5,87329.6,5720000,-0.83
20-04-21,91186.5,89074.4,92747.6,88982.6,6990000,3.33
22-04-21,89992.7,91186.5,91370.1,89074.4,3170000,-1.31
23-04-21,91370.1,89992.7,91737.4,88890.7,3560000,1.53
26-04-21,88156.1,89074.4,90911,88156.1,5050000,-3.52
27-04-21,87880.6,88156.1,88615.2,87237.8,3150000,-0.31
28-04-21,86044,87880.6,87972.4,85860.4,5030000,-2.09
29-04-21,85860.4,86044,86503.2,84023.8,6500000,-0.21
04-05-21,84115.6,85401.2,85401.2,84023.8,4110000,-2.03
05-05-21,84482.9,84115.6,85401.2,84115.6,3790000,0.44
06-05-21,82279,84482.9,84482.9,82279,7450000,-2.61
07-05-21,79891.5,81728,81911.7,79707.8,6740000,-2.9
10-05-21,85401.2,79891.5,85401.2,79065,8180000,6.9
11-05-21,83748.3,85860.4,86778.6,83748.3,4200000,-1.94
12-05-21,84299.3,82738.2,84666.6,82646.3,3200000,0.66
13-05-21,83105.5,83564.6,84207.4,83105.5,3120000,-1.42
14-05-21,82187.2,83656.5,83748.3,82187.2,4390000,-1.1
17-05-21,80075.1,82187.2,82646.3,80075.1,5000000,-2.57
18-05-21,79891.5,80350.6,80809.7,79707.8,2970000,-0.23
19-05-21,80350.6,80626.1,81728,79983.3,3530000,0.57
20-05-21,80809.7,80717.9,80901.6,79891.5,2800000,0.57
21-05-21,81911.7,80717.9,83381,79983.3,3940000,1.36
24-05-21,83748.3,82646.3,84391.1,82187.2,4350000,2.24
25-05-21,83105.5,83748.3,83748.3,82646.3,2790000,-0.77
26-05-21,83564.6,82646.3,84391.1,82003.5,3770000,0.55
27-05-21,83105.5,83931.9,84115.6,82646.3,2920000,-0.55
28-05-21,83656.5,83564.6,84207.4,83013.7,3120000,0.66
31-05-21,83105.5,84299.3,84482.9,82830,3100000,-0.66
01-06-21,82554.5,83105.5,83289.1,82554.5,2340000,-0.66
02-06-21,82095.4,82279,82279,81728,3670000,-0.56
03-06-21,82830,82646.3,83381,82462.7,3630000,0.89
04-06-21,82187.2,82921.8,83564.6,81819.9,4560000,-0.78
07-06-21,82095.4,82187.2,82279,80809.7,3740000,-0.11
08-06-21,82370.8,82187.2,83840.1,82095.4,5480000,0.34
09-06-21,81819.9,82462.7,82738.2,81544.4,3010000,-0.67
10-06-21,84666.6,82095.4,85952.2,81360.7,5620000,3.48
11-06-21,84482.9,84666.6,84942.1,83748.3,2940000,-0.22
14-06-21,84942.1,84942.1,85860.4,84023.8,4880000,0.54
15-06-21,85309.4,85033.9,85584.9,84574.7,4530000,0.43
16-06-21,84299.3,85125.7,85401.2,83840.1,3040000,-1.18
17-06-21,83564.6,83564.6,84666.6,83381,2390000,-0.87
18-06-21,84574.7,83931.9,85125.7,83931.9,2970000,1.21
21-06-21,83197.3,84482.9,84574.7,83197.3,4190000,-1.63
22-06-21,83197.3,83564.6,84023.8,83197.3,2240000,0
23-06-21,82646.3,83197.3,83381,82370.8,3360000,-0.66
24-06-21,81452.6,82554.5,82830,81085.2,4230000,-1.44
25-06-21,82370.8,81452.6,82554.5,81452.6,2080000,1.13
28-06-21,81911.7,82646.3,82830,81728,1850000,-0.56
29-06-21,83564.6,82462.7,84207.4,81728,4370000,2.02
30-06-21,83013.7,83564.6,83656.5,82830,2120000,-0.66
01-07-21,83472.8,83197.3,83840.1,83013.7,3810000,0.55
02-07-21,82738.2,83564.6,83564.6,82738.2,2750000,-0.88
05-07-21,81911.7,82738.2,83013.7,81360.7,2930000,-1
06-07-21,79891.5,82095.4,82462.7,79891.5,4710000,-2.47
07-07-21,82462.7,79891.5,82462.7,79524.1,4740000,3.22
08-07-21,81177.1,80993.4,82095.4,80809.7,1910000,-1.56
09-07-21,79891.5,81085.2,81177.1,79799.6,3060000,-1.58
12-07-21,79248.7,80350.6,80809.7,77412.1,4830000,-0.8
13-07-21,77412.1,79065,79432.3,77320.2,2880000,-2.32
14-07-21,78054.9,78054.9,78697.7,77412.1,4180000,0.83
15-07-21,78238.5,78054.9,79248.7,77595.7,3280000,0.24
16-07-21,78881.3,78514,79156.8,78330.4,1450000,0.82
19-07-21,78054.9,77503.9,78054.9,77136.6,4110000,-1.05
20-07-21,78881.3,78054.9,78973.2,77412.1,3210000,1.06
21-07-21,78330.4,78422.2,78881.3,78238.5,1700000,-0.7
22-07-21,79707.8,78514,79983.3,78330.4,2150000,1.76
23-07-21,80442.4,79707.8,82462.7,79065,4130000,0.92
26-07-21,81636.2,80809.7,81911.7,80717.9,2790000,1.48
27-07-21,80350.6,81636.2,82187.2,80350.6,2390000,-1.57
28-07-21,79799.6,79983.3,80258.8,79524.1,1670000,-0.69
29-07-21,79707.8,79891.5,80534.3,78973.2,2650000,-0.12
30-07-21,79065,79707.8,80075.1,78881.3,4410000,-0.81
02-08-21,79432.3,79156.8,79799.6,78973.2,2570000,0.46
03-08-21,79983.3,79524.1,80350.6,79524.1,2710000,0.69
04-08-21,79983.3,80350.6,80350.6,79891.5,2870000,0
05-08-21,79524.1,79799.6,79983.3,79524.1,2830000,-0.57
06-08-21,80075.1,79799.6,81177.1,79524.1,3960000,0.69
09-08-21,80534.3,80075.1,80717.9,79891.5,2730000,0.57
10-08-21,82095.4,80809.7,82646.3,80809.7,5970000,1.94
11-08-21,83472.8,82554.5,83931.9,82462.7,5330000,1.68
12-08-21,83105.5,83381,84023.8,82921.8,4290000,-0.44
13-08-21,82554.5,83013.7,83105.5,81911.7,4110000,-0.66
16-08-21,82187.2,82554.5,83197.3,81728,3270000,-0.44
17-08-21,82003.5,82279,82738.2,81819.9,2200000,-0.22
18-08-21,82646.3,82187.2,83472.8,82095.4,4710000,0.78
19-08-21,82921.8,83105.5,83105.5,82462.7,3060000,0.33
20-08-21,80626.1,82921.8,82921.8,79891.5,4330000,-2.77
23-08-21,78973.2,80534.3,80626.1,78973.2,4360000,-2.05
24-08-21,79248.7,79065,79891.5,78697.7,2380000,0.35
25-08-21,79799.6,79340.5,79983.3,78973.2,1680000,0.7
26-08-21,79891.5,79799.6,80534.3,79616,1900000,0.12
27-08-21,79891.5,80258.8,80350.6,79616,2350000,0
30-08-21,80258.8,79983.3,80442.4,79891.5,4310000,0.46
31-08-21,80258.8,80350.6,80442.4,79983.3,2960000,0
01-09-21,80901.6,80258.8,81544.4,80075.1,3430000,0.8
06-09-21,81085.2,81085.2,81544.4,80993.4,3210000,0.23
07-09-21,80618.2,82019.4,82019.4,80618.2,2620000,-0.58
08-09-21,79777.4,80618.2,80618.2,79684,3680000,-1.04
09-09-21,79590.6,79777.4,79870.9,79403.8,2450000,-0.23
10-09-21,80805,79590.6,81272.1,79403.8,3960000,1.53
13-09-21,81458.9,80805,81645.8,80618.2,2960000,0.81
14-09-21,81272.1,81458.9,81552.4,80898.4,2480000,-0.23
15-09-21,80431.4,81085.3,81085.3,80431.4,2430000,-1.03
16-09-21,80711.6,80805,80805,80244.5,1830000,0.35
17-09-21,80805,80711.6,82579.9,80618.2,5290000,0.12
20-09-21,82860.2,81832.6,83233.8,81552.4,5450000,2.54
21-09-21,82953.6,82206.3,83047,81926,3100000,0.11
22-09-21,85475.8,82673.3,85662.7,82673.3,10050000,3.04
23-09-21,84821.9,85475.8,86316.6,84448.3,3940000,-0.77
24-09-21,84728.5,85008.8,85382.4,84541.7,2990000,-0.11
27-09-21,82953.6,84635.1,85382.4,82953.6,5050000,-2.09
28-09-21,83420.7,82953.6,83981.2,82206.3,3760000,0.56
29-09-21,83700.9,83420.7,84168,82860.2,2760000,0.34
30-09-21,83700.9,83981.2,84728.5,83700.9,2800000,0
01-10-21,83887.8,83420.7,84448.3,83233.8,3810000,0.22
04-10-21,84261.4,84541.7,85102.2,84168,3060000,0.45
05-10-21,83700.9,84354.8,84354.8,83700.9,2270000,-0.67
06-10-21,83420.7,83700.9,84168,83327.3,2500000,-0.33
07-10-21,82953.6,83420.7,83514.1,82953.6,2980000,-0.56
08-10-21,83700.9,83047,84074.6,82860.2,2620000,0.9
11-10-21,84074.6,84074.6,84448.3,83607.5,2470000,0.45
12-10-21,84448.3,84448.3,85289,84168,3620000,0.44
13-10-21,84168,85008.8,85289,84074.6,3790000,-0.33
14-10-21,84074.6,84261.4,84541.7,83700.9,2010000,-0.11
15-10-21,84074.6,84074.6,84728.5,83700.9,3210000,0
18-10-21,83887.8,84074.6,84168,83327.3,2310000,-0.22
19-10-21,84354.8,83887.8,84541.7,83887.8,5980000,0.56
20-10-21,84074.6,84448.3,84635.1,83140.4,3480000,-0.33
21-10-21,83233.8,84074.6,84168,83233.8,2940000,-1
22-10-21,84541.7,83607.5,84541.7,83327.3,4490000,1.57
25-10-21,84168,84541.7,84635.1,83981.2,2770000,-0.44
26-10-21,83700.9,84074.6,84261.4,83514.1,1640000,-0.55
27-10-21,84448.3,84074.6,84635.1,83794.3,3550000,0.89
28-10-21,84635.1,84541.7,85475.8,84541.7,4090000,0.22
29-10-21,84728.5,84635.1,85008.8,84354.8,3750000,0.11
01-11-21,84074.6,84821.9,85289,83887.8,5080000,-0.77
02-11-21,83327.3,84074.6,84074.6,83140.4,4890000,-0.89
03-11-21,82393.1,83233.8,83607.5,82393.1,5550000,-1.12
04-11-21,82579.9,82579.9,82860.2,82299.7,2510000,0.23
05-11-21,83327.3,82766.8,83514.1,82673.3,2650000,0.91
08-11-21,84821.9,83794.3,85102.2,83700.9,6170000,1.79
09-11-21,83887.8,85008.8,85102.2,83794.3,3700000,-1.1
10-11-21,83794.3,84074.6,84168,83420.7,2670000,-0.11
11-11-21,83700.9,83887.8,84448.3,83420.7,3380000,-0.11
12-11-21,83420.7,84074.6,84168,83233.8,2120000,-0.33
15-11-21,83140.4,83607.5,83700.9,83140.4,3270000,-0.34
16-11-21,82766.8,83140.4,83420.7,82673.3,3250000,-0.45
17-11-21,82953.6,82766.8,83700.9,82766.8,2510000,0.23
18-11-21,82206.3,82953.6,82953.6,82206.3,3900000,-0.9
19-11-21,80431.4,82206.3,82579.9,80337.9,5150000,-2.16
22-11-21,80524.8,80337.9,80805,80244.5,3500000,0.12
23-11-21,80618.2,80805,80991.9,80337.9,2200000,0.12
24-11-21,81739.2,80805,81739.2,80805,2120000,1.39
25-11-21,81739.2,81739.2,82393.1,81458.9,2180000,0
26-11-21,82486.5,81832.6,82953.6,81739.2,3020000,0.91
29-11-21,81739.2,82019.4,82112.9,81458.9,2840000,-0.91
30-11-21,81832.6,81832.6,82953.6,81832.6,3180000,0.11
01-12-21,81739.2,82206.3,82766.8,81645.8,1890000,-0.11
02-12-21,81645.8,81739.2,82206.3,81645.8,1250000,-0.11
03-12-21,80151.1,81832.6,82206.3,80151.1,2900000,-1.83
06-12-21,79684,80337.9,80898.4,79684,3170000,-0.58
07-12-21,80805,80151.1,80805,79777.4,1530000,1.41
08-12-21,80337.9,80618.2,80805,80057.7,1290000,-0.58
09-12-21,81272.1,80244.5,81365.5,80057.7,1450000,1.16
10-12-21,80618.2,80805,81272.1,80151.1,1490000,-0.8
13-12-21,80711.6,80618.2,81085.3,80337.9,1500000,0.12
14-12-21,80618.2,80711.6,81178.7,80524.8,1670000,-0.12
15-12-21,80618.2,80711.6,80991.9,80618.2,1210000,0
16-12-21,80898.4,80618.2,80898.4,80337.9,1610000,0.35
17-12-21,80057.7,80898.4,80991.9,80057.7,2660000,-1.04
20-12-21,80057.7,80337.9,80618.2,79964.3,1810000,0
21-12-21,79870.9,80151.1,80337.9,79870.9,1190000,-0.23
22-12-21,79777.4,80057.7,80524.8,79684,1840000,-0.12
23-12-21,79123.5,79777.4,79777.4,78936.7,2150000,-0.82
24-12-21,80337.9,79123.5,80337.9,79123.5,1150000,1.53
27-12-21,80431.4,80337.9,80711.6,80057.7,1140000,0.12
28-12-21,79870.9,80524.8,80524.8,79590.6,1540000,-0.7
29-12-21,79590.6,79870.9,79964.3,79497.2,945400,-0.35
30-12-21,79684,79684,79964.3,79497.2,893100,0.12
31-12-21,80711.6,79870.9,81739.2,79684,2330000,1.29
04-01-22,80991.9,81458.9,81645.8,80991.9,1890000,0.35
05-01-22,80524.8,81085.3,81272.1,80337.9,3120000,-0.58
06-01-22,79777.4,80431.4,80431.4,79684,2850000,-0.93
07-01-22,79590.6,79684,79964.3,79403.8,2550000,-0.23
10-01-22,79495.6,80540.4,80730.3,79305.7,2150000,-0.12
11-01-22,79495.6,79400.7,79780.6,79305.7,1830000,0
12-01-22,78925.8,79590.6,79590.6,78545.9,2180000,-0.72
13-01-22,78925.8,79210.7,79495.6,78735.8,1710000,0
14-01-22,80445.4,78925.8,80825.3,78545.9,2520000,1.93
17-01-22,78735.8,80730.3,80730.3,78735.8,2100000,-2.13
18-01-22,79210.7,78735.8,79305.7,78450.9,2100000,0.6
19-01-22,79210.7,78735.8,79305.7,78545.9,1760000,0
20-01-22,78830.8,78830.8,79115.7,78735.8,1490000,-0.48
21-01-22,78450.9,78830.8,79115.7,78355.9,1580000,-0.48
24-01-22,76931.3,78450.9,78545.9,76931.3,2220000,-1.94
25-01-22,75221.7,76456.4,76931.3,75126.7,3760000,-2.22
26-01-22,75696.6,75316.7,76456.4,75316.7,1450000,0.63
27-01-22,78925.8,76076.5,79210.7,76076.5,2040000,4.27
28-01-22,78925.8,78830.8,79970.5,78640.9,2260000,0
07-02-22,79305.7,79020.8,79780.6,78735.8,1320000,0.48
08-02-22,77881,79210.7,79305.7,77881,2710000,-1.8
09-02-22,78640.9,77881,79495.6,77881,1800000,0.98
10-02-22,78545.9,78640.9,79115.7,78166,1610000,-0.12
11-02-22,77881,78355.9,78450.9,77786.1,1620000,-0.85
14-02-22,77026.2,77406.2,77881,76931.3,2970000,-1.1
15-02-22,77121.2,77026.2,77406.2,76931.3,1470000,0.12
16-02-22,76361.4,77121.2,77216.2,76266.4,2830000,-0.99
17-02-22,76741.3,76456.4,77121.2,76361.4,1790000,0.5
18-02-22,76551.4,76076.5,76741.3,76076.5,1810000,-0.25
21-02-22,76931.3,76836.3,77501.1,76836.3,1280000,0.5
22-02-22,75981.5,76836.3,76931.3,75696.6,3200000,-1.23
23-02-22,75981.5,75981.5,76456.4,75791.5,2200000,0
24-02-22,74651.8,75981.5,75981.5,74556.8,2720000,-1.75
25-02-22,74936.8,75031.7,75506.6,74936.8,1350000,0.38
28-02-22,74461.9,74936.8,75031.7,73892,2260000,-0.63
01-03-22,75221.7,74461.9,75411.6,74271.9,1270000,1.02
02-03-22,74556.8,75221.7,75221.7,74082,2040000,-0.88
03-03-22,74461.9,74746.8,75031.7,74271.9,1490000,-0.13
04-03-22,73987,74461.9,74461.9,73892,2510000,-0.64
07-03-22,72942.2,73987,73987,72847.3,3530000,-1.41
08-03-22,72277.4,72467.4,72657.3,72182.4,2380000,-0.91
09-03-22,71327.6,72182.4,72942.2,71232.7,3000000,-1.31
10-03-22,73227.2,72182.4,73987,72182.4,2970000,2.66
11-03-22,74082,73322.1,74556.8,73227.2,2320000,1.17
14-03-22,73322.1,74082,74082,73037.2,1650000,-1.03
15-03-22,73322.1,73132.2,73607.1,72467.4,1480000,0
16-03-22,73417.1,73322.1,74082,73132.2,1850000,0.13
17-03-22,72562.3,73702.1,73892,72562.3,1350000,-1.16
18-03-22,72182.4,72752.3,73132.2,72182.4,4230000,-0.52
21-03-22,73702.1,72182.4,73987,72182.4,1880000,2.11
22-03-22,73037.2,73987,73987,72942.2,2390000,-0.9
23-03-22,72277.4,72942.2,73132.2,72087.4,3230000,-1.04
24-03-22,71802.5,72182.4,72277.4,71422.6,3390000,-0.66
25-03-22,71422.6,71802.5,71992.5,71327.6,2700000,-0.53
28-03-22,69713,71517.6,71802.5,69713,4040000,-2.39
29-03-22,71707.5,69808,71707.5,69808,2140000,2.86
30-03-22,72372.4,71707.5,72752.3,71327.6,3410000,0.93
31-03-22,76836.3,72372.4,76931.3,72182.4,9650000,6.17
01-04-22,77596.1,76931.3,78545.9,76266.4,6110000,0.99
04-04-22,78071,77881,78355.9,77406.2,3810000,0.61
05-04-22,76361.4,77691.1,77691.1,76361.4,2200000,-2.19
06-04-22,75316.7,75981.5,77121.2,75126.7,4310000,-1.37
07-04-22,74556.8,75886.5,75981.5,74556.8,1760000,-1.01
08-04-22,73417.1,74556.8,75126.7,73417.1,2740000,-1.53
12-04-22,72942.2,73417.1,73892,72657.3,1780000,-0.65
13-04-22,73322.1,72942.2,74556.8,72847.3,2120000,0.52
14-04-22,72467.4,73607.1,74082,72467.4,1810000,-1.17
15-04-22,72657.3,72657.3,73702.1,72182.4,1360000,0.26
18-04-22,73132.2,72657.3,73987,72562.3,2560000,0.65
19-04-22,72182.4,73227.2,73797,72182.4,1670000,-1.3
20-04-22,71802.5,72182.4,72847.3,71802.5,1930000,-0.53
21-04-22,71232.7,71517.6,72657.3,71232.7,4620000,-0.79
22-04-22,72087.4,71897.5,72657.3,71707.5,2800000,1.2
25-04-22,69808,72182.4,72467.4,69333.1,2660000,-3.16
26-04-22,72087.4,69808,72182.4,67338.6,3880000,3.27
27-04-22,71232.7,71422.6,71992.5,69998,1830000,-1.19
28-04-22,70567.8,71137.7,71137.7,70092.9,1910000,-0.93
29-04-22,70472.8,70662.8,71232.7,70282.9,1630000,-0.13
04-05-22,68858.2,70472.8,70662.8,68858.2,1760000,-2.29
05-05-22,68478.3,69523.1,69523.1,67908.5,1550000,-0.55
06-05-22,66673.8,67813.5,68003.4,66008.9,2110000,-2.64
09-05-22,66483.8,66673.8,67908.5,66103.9,2390000,-0.28
10-05-22,67053.7,66483.8,68288.4,66483.8,3110000,0.86
11-05-22,66008.9,67053.7,67528.6,66008.9,1790000,-1.56
12-05-22,63159.6,66293.9,66293.9,63159.6,3190000,-4.32
13-05-22,62779.7,63634.5,64394.3,62589.8,4590000,-0.6
16-05-22,62494.8,63254.6,64204.4,62399.8,1980000,-0.45
17-05-22,66483.8,62304.8,66483.8,61924.9,2110000,6.38
18-05-22,66768.7,66483.8,66958.7,66008.9,1980000,0.43
19-05-22,65534,66008.9,66483.8,65534,1450000,-1.85
20-05-22,64679.3,65534,66388.8,64584.3,1300000,-1.3
23-05-22,62969.7,65059.2,65249.1,62874.7,2020000,-2.64
24-05-22,65439.1,63349.6,65439.1,63159.6,2030000,3.92
25-05-22,68288.4,65439.1,68668.3,65439.1,2360000,4.35
26-05-22,67718.5,68288.4,68288.4,67148.6,1530000,-0.83
27-05-22,69333.1,67718.5,69618,67148.6,3460000,2.38
30-05-22,68858.2,69238.1,69238.1,68383.3,2120000,-0.68
31-05-22,68098.4,68478.3,68763.3,68098.4,2060000,-1.1
01-06-22,68288.4,67908.5,68953.2,67718.5,1230000,0.28
02-06-22,67528.6,68383.3,68383.3,67243.6,1490000,-1.11
03-06-22,66768.7,67433.6,67718.5,66483.8,1050000,-1.13
06-06-22,67243.6,66673.8,67623.5,66483.8,1430000,0.71
07-06-22,67053.7,66768.7,67148.6,66483.8,1320000,-0.28
08-06-22,67433.6,67148.6,67813.5,67148.6,1700000,0.57
09-06-22,66673.8,67433.6,67528.6,66673.8,1050000,-1.13
10-06-22,66008.9,66483.8,66673.8,66008.9,1480000,-1
13-06-22,63064.6,64964.2,64964.2,62874.7,2380000,-4.46
14-06-22,62779.7,62209.9,64109.4,62114.9,1390000,-0.45
15-06-22,61260.1,62779.7,63159.6,61260.1,2680000,-2.42
16-06-22,64584.3,61829.9,64869.2,61735,2220000,5.43
17-06-22,63349.6,63539.5,65154.1,61924.9,2500000,-1.91
20-06-22,65534,63064.6,66198.9,63064.6,2590000,3.45
21-06-22,69998,65724,70092.9,65344.1,4840000,6.81
22-06-22,67053.7,69428.1,69713,67053.7,2210000,-4.21
23-06-22,67148.6,67053.7,68383.3,66483.8,1100000,0.14
24-06-22,67908.5,67433.6,69238.1,67338.6,1680000,1.13
27-06-22,67528.6,68193.4,68478.3,66768.7,1800000,-0.56
28-06-22,67243.6,67053.7,69048.2,66578.8,3040000,-0.42
29-06-22,68668.3,67053.7,69048.2,67053.7,1940000,2.12
30-06-22,68573.3,68668.3,71042.7,68573.3,3580000,-0.14
01-07-22,69998,68668.3,70187.9,68383.3,2860000,2.08
04-07-22,71327.6,70282.9,71992.5,70092.9,3140000,1.9
05-07-22,69428.1,71517.6,71612.6,69333.1,2590000,-2.66
06-07-22,69458.1,69752.8,70244,68279.2,2360000,0.04
07-07-22,71717.7,69458.1,71717.7,68770.4,3050000,3.25
08-07-22,71717.7,71717.7,72012.4,71226.5,1700000,0
11-07-22,71717.7,70931.7,73387.8,70735.2,2560000,0
12-07-22,72012.4,71717.7,72601.9,71324.7,976100,0.41
13-07-22,71226.5,71914.2,72307.1,71128.2,1420000,-1.09
14-07-22,71128.2,71030,71914.2,70931.7,982300,-0.14
15-07-22,70342.3,71128.2,71717.7,70342.3,1480000,-1.1
18-07-22,70440.5,70735.2,70931.7,70244,1110000,0.14
19-07-22,71521.2,70735.2,71619.4,70342.3,1530000,1.53
20-07-22,71717.7,71914.2,72307.1,71521.2,1170000,0.27
21-07-22,71914.2,71226.5,72307.1,70931.7,1720000,0.27
22-07-22,70735.2,71914.2,71914.2,70735.2,712300,-1.64
25-07-22,71619.4,70735.2,71619.4,70538.8,1240000,1.25
26-07-22,70735.2,71619.4,71717.7,70538.8,1150000,-1.23
27-07-22,70931.7,70735.2,71324.7,70538.8,789500,0.28
28-07-22,71324.7,71226.5,71521.2,71030,1220000,0.55
29-07-22,71521.2,71423,72307.1,71128.2,2580000,0.28
01-08-22,72208.9,71521.2,72208.9,70931.7,2530000,0.96
02-08-22,72110.7,72110.7,72896.6,71423,2600000,-0.14
03-08-22,72110.7,71521.2,72208.9,71226.5,3130000,0
04-08-22,72012.4,72110.7,72110.7,71521.2,1720000,-0.14
05-08-22,71324.7,72012.4,72110.7,71324.7,2140000,-0.95
08-08-22,70931.7,71226.5,71226.5,70833.5,2800000,-0.55
09-08-22,70735.2,70931.7,71128.2,70735.2,2130000,-0.28
10-08-22,71226.5,70735.2,71324.7,70735.2,1540000,0.69
11-08-22,69851.1,71324.7,71324.7,69458.1,3880000,-1.93
12-08-22,70637,69752.8,70637,69752.8,1800000,1.13
15-08-22,70244,70735.2,70735.2,70047.5,2530000,-0.56
16-08-22,70538.8,70538.8,71128.2,70440.5,1690000,0.42
17-08-22,71324.7,70538.8,71324.7,70440.5,1320000,1.11
18-08-22,72110.7,71324.7,72307.1,71324.7,4230000,1.1
19-08-22,72798.4,72110.7,73191.3,71619.4,5230000,0.95
22-08-22,72405.4,72798.4,73486.1,72405.4,2070000,-0.54
23-08-22,74468.5,72405.4,74566.7,72307.1,4550000,2.85
24-08-22,76335.1,74468.5,76924.6,74468.5,5440000,2.51
25-08-22,76531.6,76531.6,76924.6,75647.4,2180000,0.26
26-08-22,75549.2,76433.4,76728.1,74861.5,2460000,-1.28
29-08-22,74173.8,74763.2,74959.7,74075.5,3310000,-1.82
30-08-22,74665,74173.8,75058,74173.8,2230000,0.66
31-08-22,74173.8,74566.7,75058,74173.8,1660000,-0.66
05-09-22,76138.6,74173.8,76433.4,74173.8,3170000,2.65
06-09-22,76433.4,76138.6,77612.3,75942.1,2650000,0.39
07-09-22,74370.3,76433.4,76433.4,74370.3,2920000,-2.7
08-09-22,74370.3,74665,75156.2,73879,1350000,0
09-09-22,74566.7,74566.7,75156.2,74173.8,1190000,0.26
12-09-22,73977.3,74665,74861.5,73977.3,1390000,-0.79
13-09-22,74370.3,73879,74665,73879,1560000,0.53
14-09-22,72700.1,73584.3,73682.6,72503.6,2040000,-2.25
15-09-22,73191.3,72798.4,73879,72798.4,1210000,0.68
16-09-22,74665,73387.8,74665,73093.1,2310000,2.01
19-09-22,73879,74272,74370.3,73584.3,1420000,-1.05
20-09-22,74468.5,73977.3,74861.5,73977.3,1140000,0.8
21-09-22,75549.2,74370.3,76236.9,74272,2480000,1.45
22-09-22,75549.2,75254.4,75745.7,74665,1030000,0
23-09-22,75352.7,75647.4,75942.1,75156.2,1400000,-0.26
26-09-22,72700.1,74468.5,74861.5,72405.4,3390000,-3.52
27-09-22,71128.2,73191.3,73584.3,71030,2420000,-2.16
28-09-22,70538.8,70735.2,71717.7,69654.6,2150000,-0.83
29-09-22,71423,71619.4,72208.9,70931.7,2030000,1.25
30-09-22,71030,70637,72012.4,70637,2350000,-0.55
03-10-22,69752.8,70637,71226.5,69752.8,2040000,-1.8
04-10-22,69654.6,70538.8,70538.8,68770.4,1630000,-0.14
05-10-22,70342.3,69752.8,70735.2,69752.8,1490000,0.99
06-10-22,68770.4,70047.5,70145.8,68770.4,1500000,-2.23
07-10-22,68573.9,68082.7,70047.5,65331.9,2690000,-0.29
10-10-22,69261.6,67296.7,70244,66216.1,1660000,1
11-10-22,68966.9,69261.6,70244,68377.4,1720000,-0.43
12-10-22,70342.3,69261.6,70440.5,68868.6,1270000,1.99
13-10-22,72503.6,69752.8,72503.6,69556.3,3170000,3.07
14-10-22,72700.1,72700.1,73191.3,72405.4,1440000,0.27
17-10-22,72798.4,72503.6,73780.8,72405.4,1680000,0.14
18-10-22,75156.2,73682.6,75647.4,73387.8,3140000,3.24
19-10-22,75254.4,74763.2,75450.9,74763.2,1040000,0.13
20-10-22,76138.6,75254.4,76138.6,74468.5,2290000,1.17
21-10-22,75647.4,76138.6,77022.8,75156.2,2100000,-0.65
24-10-22,72700.1,75843.9,75843.9,72700.1,1580000,-3.9
25-10-22,74665,72798.4,75450.9,72798.4,1660000,2.7
26-10-22,74665,74665,75058,74272,824700,0
27-10-22,77121.1,74665,77121.1,74665,2280000,3.29
28-10-22,76629.9,77121.1,77219.3,76335.1,1440000,-0.64
31-10-22,77121.1,76335.1,77121.1,75942.1,1570000,0.64
01-11-22,78791.2,77121.1,81050.8,77121.1,3180000,2.17
02-11-22,76924.6,78791.2,78889.5,76924.6,1830000,-2.37
03-11-22,78594.7,76629.9,79282.4,76629.9,1280000,2.17
04-11-22,78594.7,78496.5,79577.2,76629.9,2910000,0
07-11-22,80756.1,78693,80756.1,78594.7,2640000,2.75
08-11-22,80952.6,80756.1,80952.6,78201.7,2300000,0.24
09-11-22,79478.9,80559.6,80756.1,78594.7,2700000,-1.82
10-11-22,77022.8,79478.9,79577.2,75647.4,2640000,-3.09
11-11-22,77022.8,77514,78987.7,77022.8,1560000,0
14-11-22,77612.3,76629.9,80559.6,74763.2,2600000,0.77
15-11-22,75647.4,77612.3,78005.3,75156.2,2090000,-2.53
16-11-22,73191.3,74173.8,77415.8,72503.6,3540000,-3.25
17-11-22,74665,75450.9,76924.6,73780.8,2600000,2.01
18-11-22,75647.4,75647.4,76433.4,74370.3,2230000,1.32
21-11-22,76531.6,75647.4,76531.6,75549.2,1790000,1.17
22-11-22,78103.5,76138.6,78791.2,76040.4,2280000,2.05
23-11-22,78005.3,78103.5,78300,76924.6,773100,-0.13
24-11-22,79773.6,77612.3,79773.6,77514,2880000,2.27
25-11-22,80756.1,79871.9,81247.3,79577.2,2600000,1.23
28-11-22,80264.9,80559.6,81935,80264.9,2300000,-0.61
29-11-22,81542,79871.9,81836.8,79085.9,2400000,1.59
30-11-22,81345.5,81542,81542,80068.4,2000000,-0.24
01-12-22,80952.6,80166.6,81443.8,80166.6,2220000,-0.48
02-12-22,82524.5,80854.3,82524.5,80559.6,2520000,1.94
05-12-22,83506.9,82622.7,84096.4,82622.7,2070000,1.19
06-12-22,81050.8,83506.9,83605.1,81050.8,1400000,-2.94
07-12-22,81050.8,81542,82819.2,80363.1,1840000,0
08-12-22,79577.2,81542,82524.5,79577.2,1600000,-1.82
09-12-22,78594.7,79577.2,80363.1,78594.7,2410000,-1.23
12-12-22,77121.1,78889.5,80461.3,77022.8,3140000,-1.87
13-12-22,76629.9,77219.3,78005.3,75843.9,3610000,-0.64
14-12-22,76138.6,78005.3,78005.3,76138.6,3520000,-0.64
15-12-22,76236.9,76138.6,77808.8,75942.1,2600000,0.13
16-12-22,76629.9,76335.1,77415.8,76236.9,3000000,0.52
19-12-22,75647.4,77121.1,77121.1,75647.4,2420000,-1.28
20-12-22,77317.6,75942.1,78300,75549.2,3030000,2.21
21-12-22,78300,78300,79184.2,78103.5,2310000,1.27
22-12-22,77000,79300,79500,77000,1590000,-1.66
23-12-22,76200,77100,78200,76200,1560000,-1.04
26-12-22,76000,76400,77600,75900,1660000,-0.26
27-12-22,76600,76800,78000,76000,1590000,0.79
28-12-22,77000,76700,78000,76600,1190000,0.52
29-12-22,77000,77400,78200,77000,1330000,0
30-12-22,76100,78000,78000,76100,1200000,-1.17
03-01-23,78500,76500,78500,76200,1500000,3.15
04-01-23,79300,78700,79300,78600,1090000,1.02
05-01-23,81200,79300,81400,79000,2470000,2.4
06-01-23,79800,81000,81200,79600,1270000,-1.72
09-01-23,80700,79900,80700,79600,948300,1.13
10-01-23,81000,80900,81500,80600,1200000,0.37
11-01-23,79400,81000,81600,79400,1530000,-1.98
12-01-23,80000,79900,80200,79300,684900,0.76
13-01-23,80600,80200,81100,80100,1450000,0.75
16-01-23,79400,80600,80800,79400,654700,-1.49
17-01-23,80900,80200,81000,79400,1670000,1.89
18-01-23,81300,80900,81500,80700,1300000,0.49
19-01-23,81300,80800,81500,80000,2630000,0
27-01-23,80000,81400,81900,79600,2330000,-1.6
30-01-23,79400,80000,80000,79400,1610000,-0.75
31-01-23,77100,79200,79500,76900,4820000,-2.9
01-02-23,77200,77700,77800,76900,1810000,0.13
02-02-23,76700,77400,77500,76700,1490000,-0.65
03-02-23,76000,77000,77100,75900,1860000,-0.91
06-02-23,77400,75900,77500,75900,1910000,1.84
07-02-23,76100,77600,77600,76100,1270000,-1.68
08-02-23,75800,76200,76600,75700,1550000,-0.39
09-02-23,75000,75800,76000,75000,1590000,-1.06
10-02-23,75900,75000,75900,75000,1240000,1.2
13-02-23,75300,75900,75900,74100,1570000,-0.79
14-02-23,74700,75300,75700,74400,1070000,-0.8
15-02-23,76000,74700,76000,74400,1440000,1.74
16-02-23,76500,76000,76500,75600,691300,0.66
17-02-23,76000,76100,76400,75300,777000,-0.65
20-02-23,77500,76000,77500,75500,1390000,1.97
21-02-23,77200,77500,77600,76700,888300,-0.39
22-02-23,75500,76300,76700,75500,1300000,-2.2
23-02-23,75700,75500,76900,74400,2330000,0.26
24-02-23,74700,75700,76000,74500,1680000,-1.32
27-02-23,75200,74700,75900,74000,1110000,0.67
28-02-23,75500,75500,75900,75100,1030000,0.4
01-03-23,76900,75100,77000,75000,1640000,1.85
02-03-23,76500,76900,76900,76100,1090000,-0.52
03-03-23,76000,75000,76800,75000,704200,-0.65
06-03-23,75000,76000,76600,75000,891800,-1.32
07-03-23,75800,75900,76200,75500,1170000,1.07
08-03-23,76500,75200,76500,75000,1240000,0.92
09-03-23,76500,76200,77100,76200,1390000,0
10-03-23,76900,76500,77200,76100,1430000,0.52
13-03-23,76900,76800,77100,76600,1820000,0
14-03-23,76600,76300,76900,75600,1740000,-0.39
15-03-23,77100,76600,77300,76500,1960000,0.65
16-03-23,76400,77000,77100,75900,1530000,-0.91
17-03-23,74500,76400,76400,74500,2430000,-2.49
20-03-23,74300,75000,75000,74100,1610000,-0.27
21-03-23,74400,74400,75100,74200,1350000,0.13
22-03-23,74400,74600,74700,74400,900200,0
23-03-23,75300,74300,75300,74000,1290000,1.21
24-03-23,75000,75000,75500,74800,932300,-0.4
27-03-23,74600,75000,75000,74300,1370000,-0.53
28-03-23,74400,74500,75300,74400,1650000,-0.27
29-03-23,74900,74700,74900,74400,907400,0.67
30-03-23,75000,74700,75400,74600,838700,0.13
31-03-23,74400,75000,75400,74400,1080000,-0.8
03-04-23,74400,74600,74900,74200,850600,0
04-04-23,74200,74400,74500,74200,1820000,-0.27
05-04-23,74500,74200,74800,74100,963400,0.4
06-04-23,74300,74400,74600,74300,905600,-0.27
07-04-23,74700,74400,74700,74300,794400,0.54
10-04-23,74400,74700,74700,74400,832700,-0.4
11-04-23,74400,74300,74500,74100,782800,0
12-04-23,74300,74400,74400,74000,979100,-0.13
13-04-23,73500,74300,74400,73500,889600,-1.08
14-04-23,72800,73600,73700,72800,1290000,-0.95
17-04-23,71700,72800,72900,71700,1370000,-1.51
18-04-23,73000,71800,73000,71800,931800,1.81
19-04-23,72000,73100,73100,72000,816300,-1.37
20-04-23,71900,72100,72600,71800,822300,-0.14
21-04-23,70900,72000,72000,70800,1110000,-1.39
24-04-23,70500,71000,71100,70200,1130000,-0.56
25-04-23,69900,70500,71400,69800,1370000,-0.85
26-04-23,71000,70000,71000,70000,941600,1.57
27-04-23,69500,71000,71000,69500,1370000,-2.11
28-04-23,70000,69800,70200,69700,1120000,0.72
04-05-23,68600,70000,70000,68400,2660000,-2
05-05-23,68800,68600,69200,68600,712200,0.29
08-05-23,70400,69000,70400,69000,1230000,2.33
09-05-23,70700,70800,71000,70500,871300,0.43
10-05-23,70500,70800,71100,70500,951600,-0.28
11-05-23,70000,70500,70900,70000,447300,-0.71
12-05-23,69600,70400,70400,69500,1210000,-0.57
15-05-23,69000,69900,69900,69000,1540000,-0.86
16-05-23,69700,69000,69700,69000,1380000,1.01
17-05-23,69000,69700,69700,68800,1870000,-1
18-05-23,69200,69000,70000,68500,2500000,0.29
19-05-23,68600,69400,69500,68600,1200000,-0.87
22-05-23,68200,68700,69000,68200,1700000,-0.58
23-05-23,67000,68000,68400,67000,2940000,-1.76
24-05-23,66300,67100,67400,66100,2350000,-1.04
25-05-23,67100,66200,67500,66000,1310000,1.21
26-05-23,67100,67400,68000,67100,904500,0
29-05-23,67100,67300,67700,67100,1040000,0
30-05-23,66500,67100,67400,66500,1770000,-0.89
31-05-23,66100,66800,66800,66100,1470000,-0.6
01-06-23,66100,66100,66500,66000,1210000,0
02-06-23,65900,66200,66300,65500,2970000,-0.3
05-06-23,66500,66500,67200,66200,3320000,0.91
06-06-23,66400,66900,66900,66000,3420000,-0.15
07-06-23,66200,66500,66700,66000,3720000,-0.3
08-06-23,65500,66500,66500,65500,5040000,-1.06
09-06-23,65800,65600,66500,65500,2080000,0.46
12-06-23,67900,66000,68000,66000,5450000,3.19
13-06-23,67600,68100,68300,67500,4940000,-0.44
14-06-23,67100,67700,68200,67100,4910000,-0.74
15-06-23,66300,67300,67400,66200,4690000,-1.19
16-06-23,66100,66500,66600,66000,5990000,-0.3
19-06-23,65800,66300,66600,65600,3280000,-0.45
20-06-23,65500,65900,65900,65500,2960000,-0.46
21-06-23,66300,65600,66300,65500,3490000,1.22
22-06-23,66900,66500,67300,66300,5610000,0.9
23-06-23,69100,67000,69500,67000,11960000,3.29
26-06-23,70600,69300,70700,68300,10740000,2.17
27-06-23,70500,70800,70800,69600,5980000,-0.14
28-06-23,70600,70500,70900,69700,6150000,0.14
29-06-23,71900,70600,72400,70100,7700000,1.84
30-06-23,71000,71900,72000,70800,3650000,-1.25
03-07-23,70700,71100,71400,70300,3190000,-0.42
04-07-23,70600,70500,71200,70100,4780000,-0.14
05-07-23,69800,70800,70800,69600,6660000,-1.13
06-07-23,70500,69900,70700,69800,7630000,1
07-07-23,70900,70700,71200,70400,5780000,0.57
10-07-23,72100,71400,72700,71200,6170000,1.69
11-07-23,72800,72100,73400,71700,5700000,0.97
12-07-23,73500,72900,73500,72600,4200000,0.96
13-07-23,73100,73400,73800,72900,3780000,-0.54
14-07-23,73300,73200,73400,72100,5210000,0.27
17-07-23,72300,73000,73600,72200,3920000,-1.36
18-07-23,72400,72500,72600,72200,2930000,0.14
19-07-23,72600,72500,73000,72400,2950000,0.28
20-07-23,72600,72600,72800,72300,2600000,0
21-07-23,73500,72600,73500,72500,3340000,1.24
24-07-23,73600,73500,74000,73300,2540000,0.14
25-07-23,74500,73600,74700,73100,4250000,1.22
26-07-23,75000,74400,75200,74300,3190000,0.67
27-07-23,75700,75000,75800,74800,4180000,0.93
28-07-23,77400,75800,77700,75600,5470000,2.25
31-07-23,78000,77300,78400,77200,3360000,0.78
01-08-23,76000,78000,78000,76000,5730000,-2.56
02-08-23,76100,76000,76500,75300,2680000,0.13
03-08-23,72600,74100,74100,72600,2920000,-4.6
04-08-23,73000,72500,73000,72000,3170000,0.55
07-08-23,74900,72900,74900,72300,4320000,2.6
08-08-23,74500,74700,74900,73900,3430000,-0.53
09-08-23,73100,74500,74500,72800,3710000,-1.88
10-08-23,73100,73100,74000,72900,2730000,0
11-08-23,73500,73100,73500,72400,2180000,0.55
14-08-23,73400,73400,73500,72500,3070000,-0.14
15-08-23,72800,72900,73400,72700,2220000,-0.82
16-08-23,73100,72800,73500,72500,2080000,0.41
17-08-23,73600,73100,74500,72900,4580000,0.68
18-08-23,73300,73500,74800,73000,6300000,-0.41
21-08-23,72900,72700,73800,72700,3060000,-0.55
22-08-23,72700,73200,73200,71100,3080000,-0.27
23-08-23,73500,72400,73600,71600,3070000,1.1
24-08-23,74700,73500,74900,73000,4420000,1.63
25-08-23,74900,75300,75300,74300,2750000,0.27
28-08-23,77900,75000,78100,75000,5470000,4.01
29-08-23,77400,77500,77600,76200,4200000,-0.64
30-08-23,77800,77000,78500,76500,2660000,0.52
31-08-23,77800,77500,78900,77100,3840000,0
05-09-23,80100,78500,80500,78100,6840000,2.96
06-09-23,80000,80100,80100,79500,2280000,-0.12
07-09-23,79500,79900,80000,78600,3530000,-0.63
08-09-23,80000,79200,80100,79100,2770000,0.63
11-09-23,79500,80000,81100,77600,4230000,-0.63
12-09-23,80300,79000,80700,78300,2670000,1.01
13-09-23,79100,79600,80300,78700,2510000,-1.49
14-09-23,79400,78500,80000,78400,2480000,0.38
15-09-23,79500,79400,81200,79000,5610000,0.13
18-09-23,78900,79100,79800,78700,1320000,-0.75
19-09-23,78900,78500,78900,77400,2570000,0
20-09-23,78300,78400,78800,78000,1840000,-0.76
21-09-23,78000,78100,78300,77300,2540000,-0.38
22-09-23,77500,77100,78300,75800,4240000,-0.64
25-09-23,77600,77200,78500,76700,2760000,0.13
26-09-23,76100,77600,78000,76000,2530000,-1.93
27-09-23,76600,76300,76600,74800,2270000,0.66
28-09-23,74800,76100,76400,74800,1890000,-2.35
29-09-23,74200,75000,76400,74200,1400000,-0.8
02-10-23,75600,74200,75600,74200,1160000,1.89
03-10-23,74000,74600,75100,73900,1990000,-2.12
04-10-23,74400,73600,74600,73400,1080000,0.54
05-10-23,72700,74100,74400,72700,2570000,-2.28
06-10-23,74200,72700,74200,72600,1230000,2.06
09-10-23,73700,74000,74100,73600,830900,-0.67
10-10-23,74400,74300,75000,74000,1020000,0.95
11-10-23,74400,74600,74800,74000,1130000,0
12-10-23,75500,74500,75900,74500,2530000,1.48
13-10-23,75800,75400,76300,75000,1490000,0.4
16-10-23,75200,75100,75800,74700,1340000,-0.79
17-10-23,74800,75300,76100,74800,1420000,-0.53
18-10-23,73900,74800,74800,72400,2570000,-1.2
19-10-23,71400,73400,73400,70900,3900000,-3.38
20-10-23,72300,71300,72500,70200,2370000,1.26
23-10-23,70200,71700,72000,70100,2730000,-2.9
24-10-23,70300,70200,70800,70100,1100000,0.14
25-10-23,69000,70300,70800,69000,2420000,-1.85
26-10-23,67000,68500,68600,65900,5200000,-2.9
27-10-23,68000,67300,68000,66600,1810000,1.49
30-10-23,67600,67900,68000,67100,1050000,-0.59
31-10-23,68000,67900,69500,67600,2180000,0.59
01-11-23,70400,69000,70500,67900,2340000,3.53
02-11-23,70900,70500,70900,69800,2390000,0.71
03-11-23,70000,70900,70900,69800,1690000,-1.27
06-11-23,71000,70200,71500,70100,1140000,1.43
07-11-23,70800,70500,70800,69800,1470000,-0.28
08-11-23,71400,70800,71500,69800,2340000,0.85
09-11-23,70700,71600,72100,70700,3420000,-0.98
10-11-23,69600,70800,70800,69600,2830000,-1.56
13-11-23,68700,69700,70000,68600,1730000,-1.29
14-11-23,68900,69000,69400,68200,3000000,0.29
15-11-23,70700,70000,71800,70000,3950000,2.61
16-11-23,70300,70600,71300,69900,2340000,-0.57
17-11-23,70000,71000,71100,69200,2340000,-0.43
20-11-23,69300,69200,69900,69000,1770000,-1
21-11-23,69500,69400,69800,68900,2960000,0.29
22-11-23,69400,69500,70200,69000,1300000,-0.14
23-11-23,68700,69800,69900,68700,1620000,-1.01
24-11-23,68300,68600,68900,67600,3130000,-0.58
27-11-23,68100,68300,68400,67900,1330000,-0.29
28-11-23,68500,68100,68500,67500,1780000,0.59
29-11-23,68400,68500,68800,68200,1260000,-0.15
30-11-23,67400,68400,68700,67400,2580000,-1.46
01-12-23,68400,68000,68500,67700,1390000,1.48
04-12-23,68800,68500,69500,68400,3010000,0.58
05-12-23,68100,68800,69000,68000,2300000,-1.02
06-12-23,68500,68100,68600,68100,1610000,0.59
07-12-23,68400,68800,68800,67500,3870000,-0.15
08-12-23,69000,68400,69300,68000,3730000,0.88
11-12-23,70000,70500,70500,69900,4730000,1.45
12-12-23,69400,70000,70100,69000,2790000,-0.86
13-12-23,68200,69600,69700,68100,4510000,-1.73
14-12-23,68400,68400,68900,68200,1460000,0.29
15-12-23,68100,68500,68600,68100,3740000,-0.44
18-12-23,67000,68100,68200,67000,3510000,-1.62
19-12-23,67000,67100,67400,66300,3060000,0
20-12-23,68100,67000,68200,67000,2600000,1.64
